timestamp,Random,AllCityCenter,Uniform,UniformRandom,PopulationProportionate
2017-08-07T00:00:21,113,113,113,113,113
2017-08-07T00:12:47,348,247,323,323,323
2017-08-07T00:21:43,725,726,725,725,725
2017-08-07T00:22:12,145,145,145,145,145
2017-08-07T00:42:13,892,2656,892,892,892
2017-08-07T00:48,534,534,462,519,462
2017-08-07T00:56:41,771,771,771,800,676
2017-08-07T01:13:12,808,1413,808,808,817
2017-08-07T01:15:58,604,654,345,345,345
2017-08-07T02:19:08,1225,1307,1225,1225,1225
2017-08-07T02:27:45,617,885,684,617,617
2017-08-07T02:29:24,860,1022,592,592,592
2017-08-07T03:24:55,543,1199,543,543,543
2017-08-07T03:48:38,1039,1044,488,488,488
2017-08-07T03:50:24,950,1026,694,694,284
2017-08-07T04:15:26,187,293,293,187,187
2017-08-07T04:23,1240,1240,794,794,794
2017-08-07T04:56:51,1436,1700,838,1087,838
2017-08-07T04:58:48,1430,1430,1152,1165,1152
2017-08-07T04:59:45,1440,1502,1237,1262,1237
2017-08-07T05:31:17,525,525,525,525,525
2017-08-07T06:20:11,538,471,538,538,538
2017-08-07T06:25:33,290,1167,541,290,290
2017-08-07T06:32:29,1214,1409,412,412,412
2017-08-07T07:01:28,233,233,233,325,233
2017-08-07T07:05:44,991,1355,799,799,799
2017-08-07T07:07:50,512,2143,512,512,512
2017-08-07T07:16:41,3658,4421,3658,3658,3658
2017-08-07T07:20:13,456,505,456,504,456
2017-08-07T07:31:48,880,880,880,880,880
2017-08-07T07:50:35,1368,4366,1368,1368,1368
2017-08-07T07:54:46,241,302,421,421,241
2017-08-07T08:02:56,1185,1993,1185,1185,1185
2017-08-07T08:07:55,432,432,432,432,432
2017-08-07T08:10:10,344,1018,344,344,344
2017-08-07T08:30:21,505,1149,505,505,505
2017-08-07T08:40:09,539,634,286,286,286
2017-08-07T08:45:43,354,733,354,354,354
2017-08-07T08:47:12,429,1306,429,429,429
2017-08-07T08:57:16,794,1141,794,794,794
2017-08-07T09:04:17,1556,1641,1556,1556,1556
2017-08-07T09:11:21,333,988,333,333,333
2017-08-07T09:16:26,923,1145,923,923,923
2017-08-07T09:33:43,237,237,131,131,131
2017-08-07T09:34:50,505,715,505,505,418
2017-08-07T09:35,578,578,578,578,578
2017-08-07T09:39:46,844,905,683,683,683
2017-08-07T09:41:56,956,1571,956,956,956
2017-08-07T09:43:30,422,422,422,422,422
2017-08-07T09:44:50,1343,2206,1343,1343,1343
2017-08-07T09:47:54,1066,802,801,801,801
2017-08-07T09:50:12,962,692,1021,1021,962
2017-08-07T09:51:25,354,855,299,299,299
2017-08-07T09:57:35,679,1323,679,679,679
2017-08-07T10:01:07,1464,1042,1432,779,779
2017-08-07T10:04:36,1171,718,1171,718,718
2017-08-07T10:12:55,442,1624,442,442,442
2017-08-07T10:21:27,875,875,875,875,875
2017-08-07T10:28:43,726,2757,726,726,2045
2017-08-07T10:31:24,842,1140,842,842,842
2017-08-07T10:33:20,630,630,285,285,285
2017-08-07T10:43:08,282,282,282,282,282
2017-08-07T10:47:37,1043,1044,1043,1043,1043
2017-08-07T10:49:12,262,1097,262,262,262
2017-08-07T10:52:31,4848,5005,4848,4848,4848
2017-08-07T10:58:32,224,674,224,224,224
2017-08-07T11:11:28,822,1055,822,822,822
2017-08-07T11:16:58,5695,7243,4461,5131,6133
2017-08-07T11:19:46,928,1224,928,928,928
2017-08-07T11:28:34,1332,3165,1332,1332,1991
2017-08-07T11:37:04,1172,1344,1172,1172,1172
2017-08-07T11:42:20,536,536,439,243,243
2017-08-07T11:44:51,1141,1358,1141,1141,1141
2017-08-07T11:50:47,9279,9317,9279,9279,9279
2017-08-07T11:50:49,679,679,679,679,679
2017-08-07T11:52:06,1023,1950,1023,1023,1023
2017-08-07T11:53:16,384,487,347,347,289
2017-08-07T12:02:34,345,1775,345,345,345
2017-08-07T12:11:49,868,1631,1069,1069,868
2017-08-07T12:17:45,550,550,550,550,550
2017-08-07T12:18:31,569,1125,569,569,569
2017-08-07T12:20:21,483,1138,822,822,483
2017-08-07T12:21:41,206,1012,206,206,538
2017-08-07T12:23:57,2112,2112,2112,2112,1833
2017-08-07T12:33:28,654,473,654,473,313
2017-08-07T12:42:19,626,612,626,519,519
2017-08-07T12:49:41,279,683,279,279,279
2017-08-07T13:04:26,242,242,334,334,242
2017-08-07T13:04:33,970,1527,353,353,353
2017-08-07T13:04:41,2389,2549,2613,2389,2389
2017-08-07T13:10:54,474,1777,474,474,474
2017-08-07T13:11:42,570,570,570,570,570
2017-08-07T13:23:44,721,721,548,548,548
2017-08-07T13:26:29,588,1108,588,588,588
2017-08-07T13:26:39,538,324,538,324,324
2017-08-07T13:31:33,1021,1021,1021,1021,1021
2017-08-07T13:31:43,643,643,528,528,528
2017-08-07T13:35,1016,749,499,499,499
2017-08-07T13:38:19,732,972,732,732,732
2017-08-07T13:52:24,858,927,348,348,348
2017-08-07T13:57:37,1378,1378,1378,1378,1378
2017-08-07T14:00,5495,5567,5495,5495,5495
2017-08-07T14:00:31,984,1069,984,737,327
2017-08-07T14:16:24,3034,3034,3215,3373,3034
2017-08-07T14:20:40,2042,1671,2007,2007,1670
2017-08-07T14:26:47,928,604,928,928,604
2017-08-07T14:27:02,987,813,629,629,629
2017-08-07T14:37:24,445,445,445,445,445
2017-08-07T14:37:42,493,277,493,493,458
2017-08-07T14:40:48,508,756,508,508,508
2017-08-07T14:49:36,473,1869,473,473,473
2017-08-07T14:52:09,1358,1940,1358,1358,1358
2017-08-07T14:53:03,503,3211,503,503,503
2017-08-07T14:56:01,334,962,334,334,334
2017-08-07T15:18:53,1735,2007,1735,1735,1735
2017-08-07T15:33:47,531,1284,531,531,531
2017-08-07T15:34:02,803,479,479,479,479
2017-08-07T15:38:21,864,792,827,827,827
2017-08-07T15:40:20,1213,2379,428,428,1213
2017-08-07T15:43:07,788,994,788,788,647
2017-08-07T15:44:55,713,760,713,713,713
2017-08-07T15:56:14,1012,343,491,296,296
2017-08-07T15:59:09,1208,688,993,1031,673
2017-08-07T15:59:49,695,978,695,695,695
2017-08-07T15:59:58,847,145,847,847,145
2017-08-07T16:06:18,716,1630,716,716,716
2017-08-07T16:08:18,669,919,232,232,232
2017-08-07T16:17:03,403,363,403,403,403
2017-08-07T16:20:24,680,664,941,941,560
2017-08-07T16:22:11,965,241,1201,965,241
2017-08-07T16:31:59,754,2841,754,754,754
2017-08-07T16:37:58,1483,1483,1483,1483,782
2017-08-07T16:48:02,1071,1071,1071,1071,572
2017-08-07T16:48:36,602,468,811,811,468
2017-08-07T16:58:42,555,536,440,328,328
2017-08-07T17:05:18,588,1166,588,588,588
2017-08-07T17:07:18,1842,3457,1842,1842,1842
2017-08-07T17:08:35,430,430,430,430,430
2017-08-07T17:10:30,974,961,974,974,855
2017-08-07T17:11:28,1419,1322,1237,1237,1237
2017-08-07T17:13:21,574,574,481,481,441
2017-08-07T17:18:47,578,514,578,578,578
2017-08-07T17:25:43,605,835,744,806,744
2017-08-07T17:28:15,1714,2415,1768,1714,1714
2017-08-07T17:32:30,969,672,1078,969,672
2017-08-07T17:33:14,353,846,353,353,218
2017-08-07T17:33:26,608,1509,608,608,608
2017-08-07T17:39:40,612,400,671,285,173
2017-08-07T17:39:41,809,342,1019,809,609
2017-08-07T17:41:12,1077,353,1077,1055,593
2017-08-07T17:45:28,256,256,256,256,256
2017-08-07T17:49:52,1190,1366,1173,1190,1173
2017-08-07T17:58:54,343,343,314,342,343
2017-08-07T18:04:35,269,269,269,269,269
2017-08-07T18:08:46,418,418,418,418,418
2017-08-07T18:15:54,1908,2300,2107,2107,2107
2017-08-07T18:27:21,1509,1509,1509,1509,1509
2017-08-07T18:29:54,268,1859,268,268,268
2017-08-07T18:32:38,572,898,1077,706,572
2017-08-07T18:33:52,1218,1421,1218,1218,1218
2017-08-07T18:40,997,561,997,1209,561
2017-08-07T18:53:53,1339,1514,1339,1321,1339
2017-08-07T19:00:31,704,704,704,704,704
2017-08-07T19:07:22,1006,914,1006,914,1006
2017-08-07T19:20:23,1780,1780,1780,1780,1780
2017-08-07T19:27:25,2303,2445,2276,1913,2276
2017-08-07T19:27:51,682,1863,1367,682,1308
2017-08-07T19:32:03,736,736,736,736,736
2017-08-07T19:47:38,709,1481,709,709,1481
2017-08-07T20:01:37,661,1258,661,661,584
2017-08-07T20:04:16,214,214,395,263,263
2017-08-07T20:08:28,608,608,608,659,608
2017-08-07T20:13:12,1864,3249,2441,1864,1864
2017-08-07T20:18:05,1149,1149,1149,1149,1149
2017-08-07T20:47:10,807,468,1019,823,807
2017-08-07T21:12:55,965,1012,965,1016,965
2017-08-07T21:14:09,1059,1987,1394,1059,1059
2017-08-07T21:18:46,1173,854,307,807,253
2017-08-07T21:19:45,1345,1763,515,515,515
2017-08-07T21:20:35,775,1318,843,775,775
2017-08-07T21:25:26,584,633,633,584,584
2017-08-07T21:32:20,861,910,282,861,282
2017-08-07T21:33:16,892,1081,859,892,822
2017-08-07T21:47:08,768,750,744,744,744
2017-08-07T22:01:30,367,972,367,367,367
2017-08-07T22:04:55,1440,1729,1311,779,693
2017-08-07T22:08:19,797,1210,797,797,797
2017-08-07T22:33:50,1419,1419,1357,1154,1281
2017-08-07T22:42:17,489,1670,489,489,489
2017-08-07T23:09:24,610,716,610,610,610
2017-08-07T23:18:24,1082,1578,397,1023,1023
2017-08-07T23:28:17,434,434,434,615,434
2017-08-07T23:28:31,1233,1294,1233,1233,1233
2017-08-07T23:34:25,852,965,197,751,197
2017-08-07T23:35:38,138,138,319,378,138
2017-08-07T23:41:56,875,951,209,209,209
2017-08-07T23:53:07,1035,1035,715,1083,715
2017-08-07T23:53:52,438,553,879,879,326
2017-08-08T00:03:40,644,644,644,644,644
2017-08-08T00:13:54,1467,1506,1528,1528,1528
2017-08-08T00:38:59,880,2013,880,880,880
2017-08-08T00:46:43,616,1407,978,616,616
2017-08-08T00:50:47,956,1606,956,956,956
2017-08-08T01:07:41,420,420,420,420,420
2017-08-08T01:12:22,856,1536,856,856,856
2017-08-08T01:23:36,215,215,215,396,215
2017-08-08T01:31:28,1427,1692,1115,1414,1115
2017-08-08T01:34:04,1057,1057,1149,1271,1149
2017-08-08T01:50:50,997,940,651,651,651
2017-08-08T01:53:55,1519,2476,510,510,510
2017-08-08T02:07:19,901,720,901,901,720
2017-08-08T02:38:15,322,323,297,322,297
2017-08-08T02:50:40,203,551,203,203,203
2017-08-08T02:57:14,662,662,601,662,601
2017-08-08T02:57:42,1501,1501,815,1007,815
2017-08-08T03:11:31,1608,1543,1608,1608,1608
2017-08-08T03:18:28,2228,2682,576,576,576
2017-08-08T03:22:12,398,447,446,398,398
2017-08-08T03:29:08,1696,1675,1150,1398,1150
2017-08-08T03:36:02,655,681,374,374,374
2017-08-08T04:18:07,1170,1170,1170,1170,1170
2017-08-08T05:42:19,441,621,441,441,441
2017-08-08T06:00:59,773,774,773,773,773
2017-08-08T06:16:06,979,1012,989,979,979
2017-08-08T06:33:01,1667,1714,1714,1714,1667
2017-08-08T06:36:12,1955,2220,1643,1942,1643
2017-08-08T07:48:09,1034,1266,427,957,427
2017-08-08T07:58:43,656,751,656,656,656
2017-08-08T08:00:22,540,1612,540,540,540
2017-08-08T08:21:43,597,3021,597,597,597
2017-08-08T08:23:52,553,957,553,553,553
2017-08-08T08:44:36,293,293,293,293,293
2017-08-08T08:53:33,869,934,869,869,869
2017-08-08T09:03:25,559,1537,141,141,863
2017-08-08T09:11:17,281,1067,281,281,281
2017-08-08T09:12,1092,1264,1092,1092,1092
2017-08-08T09:12:59,1146,1198,1079,1079,1079
2017-08-08T09:19:17,506,1216,506,506,506
2017-08-08T09:23:49,502,864,502,502,502
2017-08-08T09:32:52,762,1297,762,762,762
2017-08-08T09:33:43,891,1868,891,891,891
2017-08-08T09:37:46,691,2076,691,691,691
2017-08-08T09:43:47,857,857,857,857,857
2017-08-08T09:48:31,665,665,665,665,665
2017-08-08T09:51:46,545,545,197,197,197
2017-08-08T10:01:20,674,674,517,517,263
2017-08-08T10:03:06,262,1663,983,262,983
2017-08-08T10:06:15,329,560,329,329,329
2017-08-08T10:08:46,397,157,157,157,157
2017-08-08T10:11:58,1223,1537,824,824,824
2017-08-08T10:26:36,927,1601,844,844,927
2017-08-08T10:42:34,481,1272,481,481,481
2017-08-08T10:45:30,666,2188,666,666,666
2017-08-08T10:51:18,509,1416,564,509,564
2017-08-08T10:54:22,500,654,500,500,500
2017-08-08T10:55:12,1218,1219,1218,1218,1218
2017-08-08T10:57:53,346,955,346,346,346
2017-08-08T10:58:06,2057,3170,3170,2340,2853
2017-08-08T11:04:06,846,2294,2403,2294,2294
2017-08-08T11:08:33,1077,1077,1167,1167,1077
2017-08-08T11:16:07,1456,1495,1203,1203,1203
2017-08-08T11:21:06,699,1129,699,699,699
2017-08-08T11:25,507,1810,507,507,507
2017-08-08T11:26:21,2362,2362,2362,2362,2362
2017-08-08T11:26:45,398,398,579,579,398
2017-08-08T11:33:53,680,865,904,680,539
2017-08-08T11:44:07,237,616,616,237,237
2017-08-08T12:02:52,958,668,901,901,930
2017-08-08T12:05:38,1188,1142,826,826,826
2017-08-08T12:06:34,1354,1928,731,731,731
2017-08-08T12:08:54,877,908,877,877,877
2017-08-08T12:11:40,832,334,1022,706,548
2017-08-08T12:14:17,834,834,834,834,834
2017-08-08T12:16:29,2388,3747,2388,2388,2388
2017-08-08T12:20:22,1997,1826,1997,1997,1997
2017-08-08T12:35:34,1495,1589,1461,1461,1495
2017-08-08T12:37:49,700,413,700,700,700
2017-08-08T12:43:52,642,916,642,642,642
2017-08-08T12:56:46,654,654,654,654,654
2017-08-08T12:58:50,2491,2491,2672,2672,2491
2017-08-08T13:15:14,580,1387,580,580,580
2017-08-08T13:23:05,275,1449,275,275,275
2017-08-08T13:23:32,465,3400,465,2619,2619
2017-08-08T13:27:33,761,983,508,508,508
2017-08-08T13:40:02,1778,1864,1778,1778,1778
2017-08-08T13:41:50,550,550,501,501,370
2017-08-08T13:49:21,2082,3196,2082,2082,2082
2017-08-08T14:05:16,1836,1836,1836,1836,1836
2017-08-08T14:10:59,691,1553,691,691,691
2017-08-08T14:13:25,517,517,698,517,517
2017-08-08T14:20:53,417,726,417,417,417
2017-08-08T14:21:23,573,703,573,573,573
2017-08-08T14:22:53,430,2793,430,430,430
2017-08-08T14:24:33,347,1217,347,347,347
2017-08-08T14:28:14,242,581,242,242,242
2017-08-08T14:29:15,2551,2577,2577,2770,2270
2017-08-08T14:54:43,297,2602,297,297,297
2017-08-08T14:56:01,575,1084,575,575,575
2017-08-08T14:57:19,1314,1315,1314,1314,1314
2017-08-08T14:57:39,433,1033,433,433,433
2017-08-08T15:11:51,157,157,484,157,157
2017-08-08T15:16:22,744,1349,744,744,744
2017-08-08T15:22:46,296,1216,296,296,296
2017-08-08T15:28:15,706,1380,706,706,706
2017-08-08T15:31:19,1169,1725,1169,1169,1169
2017-08-08T15:32:41,340,340,340,340,340
2017-08-08T15:37:18,593,1079,593,474,593
2017-08-08T15:37:44,392,558,392,392,392
2017-08-08T15:40:27,694,1711,694,694,694
2017-08-08T15:53:19,295,2299,295,295,295
2017-08-08T15:55:27,1483,1577,1449,1483,1483
2017-08-08T15:58:26,150,150,390,150,150
2017-08-08T16:07:38,214,214,286,214,214
2017-08-08T16:10:59,1227,805,1227,686,686
2017-08-08T16:21:32,567,672,567,550,297
2017-08-08T16:26:46,1276,1540,839,839,839
2017-08-08T16:37:59,282,1535,282,282,282
2017-08-08T16:51:16,489,397,489,489,489
2017-08-08T16:57:41,364,364,364,364,364
2017-08-08T17:06:34,642,1073,642,642,642
2017-08-08T17:09:35,413,1258,413,413,413
2017-08-08T17:19:22,1357,1533,1357,1357,1357
2017-08-08T17:28:35,843,2511,843,843,843
2017-08-08T17:30:12,375,811,375,375,375
2017-08-08T17:31:49,351,620,351,482,468
2017-08-08T17:51:41,696,1518,654,654,654
2017-08-08T18:12:04,2928,3196,2928,2928,2928
2017-08-08T18:14:50,902,902,594,594,594
2017-08-08T18:25:56,218,3000,218,218,218
2017-08-08T18:27:04,1286,1503,1286,1286,1286
2017-08-08T18:27:57,367,367,367,367,367
2017-08-08T18:35:21,497,1017,497,497,497
2017-08-08T18:38:01,689,1117,689,689,541
2017-08-08T18:47:28,471,527,471,471,471
2017-08-08T19:03:34,878,1048,878,878,878
2017-08-08T19:10:41,2725,3890,1672,1672,3548
2017-08-08T19:14:01,615,630,558,558,558
2017-08-08T19:18:12,961,627,961,961,627
2017-08-08T19:41:55,292,173,292,292,292
2017-08-08T19:44:53,250,250,250,250,250
2017-08-08T19:52:36,369,1626,369,369,369
2017-08-08T19:54:53,202,498,202,202,202
2017-08-08T20:02:56,571,743,571,571,571
2017-08-08T20:03:35,808,808,1152,1147,808
2017-08-08T20:11:18,964,783,1431,783,964
2017-08-08T20:12:54,576,987,992,576,576
2017-08-08T20:21:27,1742,1872,1392,1392,1232
2017-08-08T20:25,372,191,372,530,372
2017-08-08T20:39:22,856,856,856,856,856
2017-08-08T20:46:28,1353,3794,1353,1353,1353
2017-08-08T20:49:16,1111,1111,772,772,772
2017-08-08T20:55:24,1018,1018,947,947,947
2017-08-08T20:58:36,1477,2418,452,452,452
2017-08-08T21:02:32,887,2517,1687,1687,1687
2017-08-08T21:10:06,3049,2868,2868,3108,3049
2017-08-08T21:17:52,1333,1096,2539,1685,842
2017-08-08T21:24:19,3097,2906,2794,2794,3221
2017-08-08T21:37:15,1779,1704,1742,1779,1779
2017-08-08T21:41:14,2717,3208,1493,2717,2717
2017-08-08T21:49:27,2013,2013,1703,2013,2013
2017-08-08T22:00:38,1191,1191,706,706,706
2017-08-08T22:19:24,655,1130,655,655,655
2017-08-08T22:24:17,1162,1149,729,778,724
2017-08-08T22:24:26,848,945,652,652,652
2017-08-08T22:37:34,929,929,929,929,929
2017-08-08T22:41:10,1801,1742,1598,1598,1598
2017-08-08T22:57:16,1289,1289,1289,1289,1068
2017-08-08T22:59:09,598,1130,964,598,598
2017-08-08T23:08:43,1041,2372,564,564,564
2017-08-08T23:10:33,768,996,996,1086,768
2017-08-08T23:13:26,1270,1183,880,880,909
2017-08-08T23:25:34,924,222,462,462,462
2017-08-08T23:26:54,1021,1294,1021,1021,1021
2017-08-08T23:42:54,587,1916,587,587,587
2017-08-09T00:01:26,772,1115,1388,772,772
2017-08-09T00:02:37,476,514,476,476,351
2017-08-09T00:03:01,877,603,877,735,602
2017-08-09T00:10:33,2905,2944,1926,1926,1926
2017-08-09T00:12:23,1013,832,832,1072,832
2017-08-09T00:13:41,700,957,1159,700,700
2017-08-09T00:27:11,339,339,280,280,292
2017-08-09T00:27:43,1782,1950,1950,1782,1782
2017-08-09T00:32:38,647,513,949,647,513
2017-08-09T00:44:04,484,540,484,830,658
2017-08-09T01:09:51,460,642,642,460,295
2017-08-09T01:13:31,1165,814,519,1165,1165
2017-08-09T01:18:46,763,763,761,386,763
2017-08-09T01:23:10,249,310,249,249,249
2017-08-09T01:26,773,2123,773,773,1449
2017-08-09T02:24:38,1879,1814,1879,1879,1879
2017-08-09T02:35:10,429,429,429,429,429
2017-08-09T02:45:52,703,703,703,703,703
2017-08-09T02:49:15,856,833,856,610,610
2017-08-09T03:29:45,2280,2280,971,971,971
2017-08-09T03:56:03,637,1644,637,637,637
2017-08-09T03:59:16,334,334,334,334,334
2017-08-09T04:59:11,1179,1553,879,879,879
2017-08-09T05:16:40,638,1400,638,638,638
2017-08-09T05:26:08,483,657,483,483,483
2017-08-09T05:59:20,328,555,328,328,328
2017-08-09T06:49:24,1894,2823,879,879,879
2017-08-09T07:12:46,754,803,441,441,441
2017-08-09T07:19:37,1503,1503,1503,1503,1503
2017-08-09T07:20:56,323,550,323,323,323
2017-08-09T07:25:41,427,337,487,427,427
2017-08-09T07:40:19,485,504,485,485,241
2017-08-09T07:41:49,1236,1436,548,548,548
2017-08-09T07:45:16,2713,2930,1714,1714,1965
2017-08-09T07:59:35,1275,1275,325,325,783
2017-08-09T08:32:24,350,955,350,350,350
2017-08-09T08:50:46,404,776,404,404,404
2017-08-09T08:50:59,714,1194,714,714,714
2017-08-09T08:53:32,403,403,288,176,176
2017-08-09T08:54:37,1147,2767,1147,1147,1147
2017-08-09T08:56:35,836,620,620,620,620
2017-08-09T08:57:23,556,968,556,556,556
2017-08-09T09:19:12,384,477,384,384,384
2017-08-09T09:28:37,1240,2103,1240,1240,1240
2017-08-09T09:32:33,792,743,792,792,792
2017-08-09T09:51:56,746,1010,733,733,733
2017-08-09T10:08:19,795,2180,795,795,795
2017-08-09T10:12:56,1251,1459,1251,1251,1251
2017-08-09T10:20:27,876,1481,876,876,876
2017-08-09T10:22:31,1837,3508,2625,2625,2625
2017-08-09T10:32:06,479,1010,479,479,479
2017-08-09T10:38:11,257,3192,257,257,257
2017-08-09T10:41:08,204,204,204,204,204
2017-08-09T10:43:55,276,276,276,276,276
2017-08-09T10:46:46,679,900,425,425,425
2017-08-09T11:02:49,669,488,669,669,488
2017-08-09T11:05:08,271,2205,271,271,271
2017-08-09T11:09:27,1045,902,634,634,634
2017-08-09T11:16:44,615,615,615,615,615
2017-08-09T11:28:26,999,759,698,698,698
2017-08-09T11:30:55,539,761,243,243,243
2017-08-09T11:31:41,1437,1001,1241,1182,1001
2017-08-09T11:36:30,448,1629,448,448,448
2017-08-09T11:37:54,866,164,600,404,345
2017-08-09T11:40:13,243,3003,243,243,1576
2017-08-09T11:42:26,193,1367,193,193,193
2017-08-09T11:42:30,2422,1777,2219,2219,1830
2017-08-09T11:47:55,427,427,427,427,427
2017-08-09T11:56:34,718,1521,1049,718,1049
2017-08-09T11:57:58,1953,2562,2661,1953,1953
2017-08-09T12:06:43,733,479,733,517,519
2017-08-09T12:07:07,493,273,273,273,273
2017-08-09T12:17:13,614,675,794,614,614
2017-08-09T12:18:17,976,720,976,609,558
2017-08-09T12:29:40,701,346,643,527,346
2017-08-09T12:31:12,909,697,582,582,582
2017-08-09T12:39:15,1360,1360,1360,1360,1360
2017-08-09T12:46:15,1078,1078,1078,1078,1078
2017-08-09T12:50:03,898,774,708,708,708
2017-08-09T12:58:42,776,776,776,776,776
2017-08-09T13:03:20,1097,1097,901,869,869
2017-08-09T13:11:26,461,508,461,461,461
2017-08-09T13:13:49,612,747,612,612,957
2017-08-09T13:21:37,958,2810,958,958,1252
2017-08-09T13:34:04,408,603,314,314,408
2017-08-09T13:34:30,839,840,839,839,839
2017-08-09T13:35:36,5401,5881,5401,5401,5401
2017-08-09T13:43:28,4751,4751,4751,4751,4751
2017-08-09T13:46:28,1275,2247,1275,1275,1275
2017-08-09T13:55:08,697,697,608,697,608
2017-08-09T14:08:13,843,2104,843,843,843
2017-08-09T14:16:16,691,649,613,556,556
2017-08-09T14:23:51,867,867,867,867,867
2017-08-09T14:25:20,791,1288,791,791,948
2017-08-09T14:28:18,2271,2090,2271,2271,2090
2017-08-09T14:34:07,527,1416,490,490,490
2017-08-09T14:39:16,876,675,876,876,675
2017-08-09T14:39:59,623,853,528,528,528
2017-08-09T14:45:34,734,959,734,734,734
2017-08-09T14:46:49,3206,3206,2976,2881,2881
2017-08-09T14:48:11,424,1352,424,424,424
2017-08-09T14:52:28,559,644,559,559,559
2017-08-09T14:55:49,1242,1057,940,940,710
2017-08-09T14:56:27,792,1091,645,645,645
2017-08-09T15:01:41,673,463,673,673,673
2017-08-09T15:12:09,959,614,545,485,485
2017-08-09T15:14:37,489,489,488,489,440
2017-08-09T15:15:10,611,1488,611,611,611
2017-08-09T15:18:03,1193,822,822,822,821
2017-08-09T16:04:47,917,1926,917,917,917
2017-08-09T16:12:52,237,298,237,237,237
2017-08-09T16:21:41,979,3148,979,979,979
2017-08-09T16:27:09,556,1381,975,556,975
2017-08-09T16:28:41,820,978,820,820,820
2017-08-09T16:30:32,1116,2797,1116,1116,1116
2017-08-09T16:33:19,661,1761,661,661,661
2017-08-09T16:34:12,851,944,605,605,605
2017-08-09T16:55:41,1131,2010,1022,1022,1022
2017-08-09T17:00:09,1696,2876,1696,1696,1696
2017-08-09T17:16:04,652,652,241,241,241
2017-08-09T17:19:08,1368,1817,1368,1368,1368
2017-08-09T17:23:17,602,756,602,602,524
2017-08-09T17:30,473,1433,473,473,473
2017-08-09T17:54:30,466,693,466,466,466
2017-08-09T18:04:05,785,879,785,785,785
2017-08-09T18:06:47,760,786,760,760,760
2017-08-09T18:20:48,706,1254,578,578,578
2017-08-09T18:31:03,852,852,852,852,852
2017-08-09T18:37:40,450,958,450,450,450
2017-08-09T18:51:22,495,495,495,495,495
2017-08-09T18:53:59,610,1145,610,610,610
2017-08-09T19:08:52,494,654,494,494,494
2017-08-09T19:12:47,633,739,633,633,633
2017-08-09T19:15:04,763,2024,763,763,763
2017-08-09T19:22:39,200,1833,200,200,200
2017-08-09T19:37:55,583,1341,583,583,583
2017-08-09T19:45:40,1340,2488,1340,1340,1340
2017-08-09T19:51:07,575,933,575,575,575
2017-08-09T19:59:30,523,1011,523,523,523
2017-08-09T20:05:58,486,486,486,486,486
2017-08-09T20:10:06,276,276,276,368,276
2017-08-09T20:15:37,410,3204,410,410,410
2017-08-09T20:25:26,217,217,398,398,217
2017-08-09T20:37:36,1518,916,916,916,916
2017-08-09T20:49:39,378,1255,801,378,378
2017-08-09T20:55:49,1055,3661,1055,1055,1055
2017-08-09T21:21:23,976,1471,297,297,297
2017-08-09T21:24:31,600,473,253,253,253
2017-08-09T21:31:34,1722,2172,627,627,627
2017-08-09T21:32:06,2041,2400,434,434,1459
2017-08-09T21:35:17,1121,1882,1121,1121,1121
2017-08-09T21:35:47,1365,1365,503,1101,503
2017-08-09T21:36:41,435,698,435,435,435
2017-08-09T21:39:53,544,1402,544,544,544
2017-08-09T21:47:35,1242,1059,818,818,568
2017-08-09T21:52:33,544,655,655,544,493
2017-08-09T22:10:10,2308,2076,1783,1783,1783
2017-08-09T22:11:22,1942,1991,1990,1991,1990
2017-08-09T22:14:19,487,487,472,415,415
2017-08-09T22:16:04,851,748,661,661,661
2017-08-09T22:21:40,425,1292,425,425,425
2017-08-09T22:26:30,682,343,343,583,343
2017-08-09T22:44:43,1102,1015,1102,1105,1013
2017-08-09T22:51:59,428,1066,428,428,428
2017-08-09T23:21:29,146,981,517,146,146
2017-08-09T23:24:46,1004,1004,1004,1244,1004
2017-08-09T23:41:27,920,1392,920,920,920
2017-08-10T00:14:06,519,534,462,462,462
2017-08-10T00:20:23,393,393,393,393,393
2017-08-10T00:21:41,778,778,778,778,778
2017-08-10T00:28:19,1622,2115,2225,2225,1798
2017-08-10T00:34:53,745,745,730,730,730
2017-08-10T00:44:42,1578,4559,1578,1578,1578
2017-08-10T00:59:22,1812,1676,1812,1812,1609
2017-08-10T01:10:30,1029,1076,1029,1029,1029
2017-08-10T01:26:31,962,1044,977,977,621
2017-08-10T01:52:34,1619,1619,1613,1613,1613
2017-08-10T02:18:24,501,1179,501,501,501
2017-08-10T02:26:57,473,473,458,401,401
2017-08-10T03:07:01,830,830,830,1011,830
2017-08-10T03:21:19,735,828,828,489,489
2017-08-10T03:28:02,312,312,493,312,312
2017-08-10T03:38:37,458,864,458,458,458
2017-08-10T04:29:36,1436,1750,1037,1037,1037
2017-08-10T04:32,2276,2988,881,881,2126
2017-08-10T05:32:57,3041,3305,1051,1051,2524
2017-08-10T05:59:43,1290,2691,1290,1290,1290
2017-08-10T06:00:54,1250,1250,804,804,951
2017-08-10T06:04:36,1093,1770,1093,1093,1093
2017-08-10T06:18:46,255,255,255,255,255
2017-08-10T06:45:36,842,875,842,842,842
2017-08-10T07:09:38,175,175,175,175,175
2017-08-10T07:14:14,449,1210,449,449,449
2017-08-10T07:36:41,224,224,224,224,224
2017-08-10T07:47:06,1207,1439,577,577,577
2017-08-10T08:05:48,1313,1315,1313,1313,1313
2017-08-10T08:13:17,775,1337,775,775,775
2017-08-10T08:14:41,798,796,530,530,530
2017-08-10T08:19:32,530,530,711,530,530
2017-08-10T08:22:40,617,1447,617,617,617
2017-08-10T08:38:07,233,1095,233,233,233
2017-08-10T08:41:13,251,251,251,251,251
2017-08-10T08:43:46,460,566,460,460,460
2017-08-10T08:45:47,654,902,654,654,654
2017-08-10T08:59:13,769,1381,769,769,769
2017-08-10T09:04,411,472,411,411,411
2017-08-10T09:08:15,764,1506,764,764,764
2017-08-10T09:10:32,529,1374,529,529,529
2017-08-10T09:12:48,399,1234,399,399,399
2017-08-10T09:13:10,860,1044,860,860,860
2017-08-10T09:14:45,715,715,715,715,715
2017-08-10T09:15:55,1573,1409,1367,1573,1367
2017-08-10T09:36:42,611,561,611,611,611
2017-08-10T09:42:20,713,1052,713,713,713
2017-08-10T09:43:43,1981,3094,1981,1981,1981
2017-08-10T09:57:58,861,653,506,506,506
2017-08-10T10:00:59,982,1008,982,982,982
2017-08-10T10:01:20,474,1839,1051,474,1051
2017-08-10T10:09:54,610,820,610,610,610
2017-08-10T10:24:17,285,346,285,285,285
2017-08-10T10:28:06,264,264,264,264,264
2017-08-10T10:30:01,861,1307,861,861,861
2017-08-10T10:31:17,243,1417,243,243,243
2017-08-10T10:37:57,477,995,477,477,477
2017-08-10T10:40:29,766,813,766,766,766
2017-08-10T10:45:28,1519,4392,1519,1519,1519
2017-08-10T10:51:20,516,1277,516,516,516
2017-08-10T10:52:47,323,1162,323,323,323
2017-08-10T11:00:42,13696,13696,13603,13647,13603
2017-08-10T11:03:46,569,918,474,474,474
2017-08-10T11:04:54,460,525,460,460,460
2017-08-10T11:12,2423,2358,2423,2423,2423
2017-08-10T11:18,1616,1715,1616,1616,1362
2017-08-10T11:24:36,605,1191,605,605,605
2017-08-10T11:27:01,725,725,725,725,725
2017-08-10T11:31:19,648,622,648,648,478
2017-08-10T11:34:06,3666,4900,3666,3666,3666
2017-08-10T11:40:12,639,674,732,732,639
2017-08-10T11:55:03,1623,2166,1623,1623,1623
2017-08-10T11:56:55,928,943,928,928,928
2017-08-10T12:06:23,477,1033,477,477,477
2017-08-10T12:13:10,598,2553,598,598,598
2017-08-10T12:16:07,491,718,491,491,491
2017-08-10T12:23:13,1288,1335,1449,1449,1376
2017-08-10T12:32:21,247,2141,247,247,247
2017-08-10T12:33:34,353,1452,353,353,353
2017-08-10T12:37:15,685,685,685,685,635
2017-08-10T12:41:17,208,661,208,208,208
2017-08-10T12:43:14,711,2182,711,711,1188
2017-08-10T12:51:12,268,268,268,268,268
2017-08-10T13:09:17,347,2298,347,347,347
2017-08-10T13:11:28,1205,1779,551,551,551
2017-08-10T13:26:38,684,970,567,567,567
2017-08-10T13:39:29,662,1896,662,662,662
2017-08-10T13:39:34,480,829,480,480,480
2017-08-10T13:42:15,458,1132,458,458,458
2017-08-10T13:43:47,286,286,286,286,286
2017-08-10T13:43:55,483,912,483,483,483
2017-08-10T13:51:09,508,1705,508,508,508
2017-08-10T13:57:14,781,1109,781,781,781
2017-08-10T14:07:48,1742,2855,1742,1742,1742
2017-08-10T14:08:56,12583,12922,12583,12583,12583
2017-08-10T14:14:54,561,351,561,544,443
2017-08-10T14:16:46,1234,2714,1234,1234,1234
2017-08-10T14:29:04,386,462,408,408,511
2017-08-10T14:37:37,509,1273,509,509,509
2017-08-10T14:38:44,946,1471,946,946,946
2017-08-10T14:42:25,2122,1966,2122,2122,2122
2017-08-10T14:42:46,2011,2232,1757,1757,1757
2017-08-10T14:43:17,1255,1793,1255,1255,1255
2017-08-10T14:43:38,985,974,985,925,346
2017-08-10T14:49:21,1109,2908,785,785,785
2017-08-10T14:57:15,2524,2536,2524,2524,2524
2017-08-10T14:57:18,572,1793,572,572,572
2017-08-10T15:00:42,3824,3855,3855,3855,3824
2017-08-10T15:02:59,601,2356,601,601,601
2017-08-10T15:05:33,465,1913,1913,1913,1913
2017-08-10T15:12:58,1003,1543,381,381,381
2017-08-10T15:24:18,672,672,786,727,672
2017-08-10T15:32:02,1004,823,1471,1063,823
2017-08-10T15:38:40,5242,4806,5162,5162,4806
2017-08-10T15:43:17,708,272,708,708,453
2017-08-10T15:50:25,2920,2387,2920,2920,2617
2017-08-10T16:00,563,543,661,563,515
2017-08-10T16:19:40,760,1593,760,760,760
2017-08-10T16:24:16,1940,2114,1921,1921,1921
2017-08-10T16:39:49,665,794,725,665,665
2017-08-10T16:43:22,723,1243,723,723,723
2017-08-10T16:56:56,1171,1171,1171,1171,1171
2017-08-10T17:23:57,688,927,688,688,688
2017-08-10T17:28:54,1037,2727,1037,1037,1037
2017-08-10T17:32:08,468,1901,468,468,468
2017-08-10T17:34:19,703,2064,703,703,703
2017-08-10T17:34:53,835,1052,835,835,835
2017-08-10T17:37:06,1465,1529,1465,1428,1428
2017-08-10T17:49:34,1140,1141,1140,1140,1140
2017-08-10T17:49:37,1490,3088,1490,1490,1490
2017-08-10T17:57:18,830,996,830,830,830
2017-08-10T17:57:34,838,3546,838,838,838
2017-08-10T18:00:47,4507,4507,4507,4507,4507
2017-08-10T18:07:09,579,579,579,579,579
2017-08-10T18:09:27,672,458,672,550,458
2017-08-10T18:09:55,357,1044,615,615,357
2017-08-10T18:17:47,1395,1488,1527,1527,1149
2017-08-10T18:20:16,254,1488,254,254,254
2017-08-10T18:20:27,617,2572,617,617,1456
2017-08-10T18:20:58,3240,3441,3173,3173,3173
2017-08-10T18:40:33,1645,1468,1645,1645,1536
2017-08-10T18:46:25,1432,1432,1494,1432,1278
2017-08-10T18:50:11,1471,2148,1932,1932,1471
2017-08-10T18:53:53,1356,978,1356,1356,1356
2017-08-10T19:11:47,1939,2373,2180,1939,2180
2017-08-10T19:12:32,537,382,537,500,447
2017-08-10T19:18:15,1467,2147,1467,1467,1467
2017-08-10T19:23:53,1107,1291,447,447,447
2017-08-10T19:29:40,825,825,825,825,825
2017-08-10T19:39:49,1544,1713,1544,1544,1544
2017-08-10T19:45:52,1199,1131,1199,1199,1065
2017-08-10T20:00:38,965,965,676,738,810
2017-08-10T20:06:10,1030,1718,1030,1030,1030
2017-08-10T20:09:33,846,1321,1100,846,846
2017-08-10T20:17:53,1927,2500,1981,1981,1981
2017-08-10T20:29:43,411,571,571,411,411
2017-08-10T21:00:21,704,704,704,704,704
2017-08-10T21:10:47,1206,2113,458,458,458
2017-08-10T21:12:25,1422,1825,1422,1422,1151
2017-08-10T21:16:46,762,1062,422,422,422
2017-08-10T21:21:13,1455,1455,1368,2407,2407
2017-08-10T21:32:24,635,899,635,635,635
2017-08-10T21:37:14,805,429,654,805,654
2017-08-10T21:43:25,1339,1339,1520,1520,1339
2017-08-10T21:48:11,1129,977,831,831,831
2017-08-10T22:16:31,974,1023,395,395,395
2017-08-10T22:21:30,427,1451,427,427,427
2017-08-10T22:23:41,1041,2195,1621,1621,1621
2017-08-10T22:25:58,1401,1726,1401,1862,1862
2017-08-10T22:39:24,359,359,359,359,359
2017-08-10T22:56:50,328,3015,328,328,328
2017-08-10T22:56:51,610,1883,590,590,590
2017-08-10T23:07:58,486,527,334,369,334
2017-08-10T23:12:36,659,829,682,659,659
2017-08-10T23:14:49,472,472,472,527,472
2017-08-10T23:18:09,375,375,430,489,430
2017-08-10T23:25:57,961,1246,383,500,500
2017-08-10T23:36:13,336,264,630,612,336
2017-08-10T23:37:42,680,658,874,874,874
2017-08-10T23:42:56,1189,1086,999,777,777
2017-08-10T23:46:50,848,509,509,509,509
2017-08-10T23:47:59,982,280,520,619,520
2017-08-10T23:50:19,725,1653,1159,945,945
2017-08-10T23:56:36,663,782,663,663,451
2017-08-11T00:04:51,506,555,746,506,506
2017-08-11T00:09:07,831,757,918,894,651
2017-08-11T00:10:24,1248,959,422,959,959
2017-08-11T00:11:36,4197,3490,2392,2392,2392
2017-08-11T00:33:53,964,943,943,964,979
2017-08-11T00:34:03,1211,1211,1211,1211,1211
2017-08-11T00:46:20,1348,1348,429,1542,1618
2017-08-11T00:51:35,691,819,819,819,819
2017-08-11T01:05:33,1696,2569,1696,1696,1696
2017-08-11T01:11:02,905,2203,905,905,905
2017-08-11T01:49:20,308,308,308,308,308
2017-08-11T02:04:31,410,3088,410,410,410
2017-08-11T02:34,551,600,551,551,551
2017-08-11T03:04:22,2357,2357,2357,2357,2357
2017-08-11T03:30:24,818,697,535,535,535
2017-08-11T03:35:30,849,1113,565,774,565
2017-08-11T04:02:15,494,494,494,675,494
2017-08-11T04:54:10,883,884,883,883,883
2017-08-11T05:10:40,1123,1774,1043,1043,1043
2017-08-11T05:23:15,926,1053,926,714,714
2017-08-11T05:31:42,868,868,868,868,868
2017-08-11T06:13:13,341,402,341,341,341
2017-08-11T06:37:29,545,545,545,599,545
2017-08-11T06:48:28,1221,1696,1221,1221,1221
2017-08-11T06:59:18,2404,2621,1746,1746,1758
2017-08-11T07:03:37,946,977,547,547,547
2017-08-11T07:13:58,783,830,745,745,745
2017-08-11T07:20:50,895,895,796,542,542
2017-08-11T07:26:51,195,458,195,195,195
2017-08-11T07:27:05,1173,1408,546,546,546
2017-08-11T08:02:32,731,939,464,464,464
2017-08-11T08:09:46,716,1147,716,716,716
2017-08-11T08:20:19,517,517,517,517,517
2017-08-11T08:32:25,259,3193,259,259,259
2017-08-11T08:33:36,587,1937,587,587,587
2017-08-11T08:49:53,396,2572,396,396,396
2017-08-11T08:59:56,309,523,309,309,309
2017-08-11T09:10:09,258,1746,258,258,258
2017-08-11T09:10:41,288,627,288,288,288
2017-08-11T09:14:15,543,773,448,448,448
2017-08-11T09:20:08,774,936,506,506,506
2017-08-11T09:21:34,645,645,689,645,268
2017-08-11T09:27:05,632,1559,632,632,632
2017-08-11T09:29:56,335,562,335,335,335
2017-08-11T09:30:32,470,1212,470,470,470
2017-08-11T09:40:04,646,1409,646,646,646
2017-08-11T09:40:38,3049,3049,2827,3018,2827
2017-08-11T09:49:23,875,688,852,852,852
2017-08-11T09:51:58,553,748,553,553,553
2017-08-11T09:55:37,236,236,236,236,236
2017-08-11T09:58:38,650,782,240,240,240
2017-08-11T10:00:10,732,940,465,465,465
2017-08-11T10:00:26,309,1657,309,309,330
2017-08-11T10:04:28,982,997,982,982,982
2017-08-11T10:09:24,316,746,313,313,313
2017-08-11T10:26:41,866,1013,1134,1134,555
2017-08-11T10:34:38,398,1595,398,398,398
2017-08-11T10:36:13,2259,2078,2318,2078,2078
2017-08-11T10:38:01,1404,2530,1404,1404,1404
2017-08-11T10:50:21,298,230,298,298,298
2017-08-11T10:59,154,493,154,154,154
2017-08-11T11:00:17,809,825,709,709,457
2017-08-11T11:02:01,538,538,538,538,538
2017-08-11T11:07,1842,2416,1113,1113,1113
2017-08-11T11:07:28,524,666,524,439,439
2017-08-11T11:15:26,321,321,321,260,260
2017-08-11T11:21:09,422,953,422,422,422
2017-08-11T11:23:01,1843,1843,1843,1843,1843
2017-08-11T11:26:27,1186,910,770,910,712
2017-08-11T11:27:56,985,397,985,985,397
2017-08-11T11:29:35,394,2327,394,394,394
2017-08-11T11:32:53,701,2316,701,701,701
2017-08-11T11:41:31,1364,1908,1364,1364,1364
2017-08-11T11:42:40,698,550,698,698,444
2017-08-11T11:44:13,2566,3352,2566,2566,2566
2017-08-11T11:56:12,459,1126,459,459,459
2017-08-11T11:57:41,573,1170,384,384,384
2017-08-11T12:00:23,598,2213,1405,1405,1405
2017-08-11T12:00:37,783,1164,661,661,783
2017-08-11T12:05:56,316,543,686,543,316
2017-08-11T12:10:04,1352,1578,821,821,821
2017-08-11T12:13:10,675,714,675,675,675
2017-08-11T12:13:36,458,530,458,458,458
2017-08-11T12:20:39,1687,2800,1971,1971,1971
2017-08-11T12:37:07,1585,1600,1575,1575,1575
2017-08-11T12:39:50,709,814,623,623,623
2017-08-11T12:50:08,528,2472,528,528,528
2017-08-11T12:54:36,479,918,279,279,279
2017-08-11T13:00:56,2856,2856,2597,2856,2597
2017-08-11T13:03:37,652,652,652,652,652
2017-08-11T13:08:26,2518,4664,2518,2518,2518
2017-08-11T13:12:23,311,739,224,224,224
2017-08-11T13:17,875,651,856,612,612
2017-08-11T13:29:29,308,1222,308,308,308
2017-08-11T13:30:11,578,578,578,578,578
2017-08-11T13:32:52,568,890,568,568,568
2017-08-11T13:38:18,1189,1075,1160,1160,1189
2017-08-11T13:43:26,513,513,359,359,513
2017-08-11T13:44:18,535,1078,563,563,563
2017-08-11T13:48:30,1023,1597,400,400,400
2017-08-11T14:05:01,468,1041,625,625,625
2017-08-11T14:05:03,1138,2303,563,563,2072
2017-08-11T14:06:59,765,871,765,765,765
2017-08-11T14:20:12,666,1245,666,666,666
2017-08-11T14:45:12,2042,3357,1314,2042,2846
2017-08-11T14:48:42,1472,3309,1472,1472,2294
2017-08-11T14:50:30,736,1022,619,619,619
2017-08-11T14:57:11,283,1464,283,570,570
2017-08-11T15:08:52,516,1206,516,516,516
2017-08-11T15:12:12,458,685,458,458,458
2017-08-11T15:13:17,822,822,822,821,821
2017-08-11T15:18:05,483,483,483,483,483
2017-08-11T15:25:52,674,1416,674,674,674
2017-08-11T15:33:49,869,1846,869,869,869
2017-08-11T15:45:21,452,429,452,429,429
2017-08-11T15:59:03,611,782,609,609,609
2017-08-11T16:14:23,630,672,489,489,489
2017-08-11T16:24:28,524,1003,524,524,524
2017-08-11T16:32:09,509,1812,509,509,509
2017-08-11T16:34:51,590,969,590,590,645
2017-08-11T16:35:01,481,542,481,481,481
2017-08-11T16:40:50,278,2235,278,278,278
2017-08-11T16:44:02,866,972,866,866,866
2017-08-11T16:50:12,1263,3081,1324,1263,1546
2017-08-11T16:50:26,679,679,679,679,679
2017-08-11T16:52:41,840,882,840,840,840
2017-08-11T16:54:47,573,679,573,573,573
2017-08-11T16:55:19,1544,2657,1544,1544,1544
2017-08-11T17:03:11,541,541,541,541,541
2017-08-11T17:18:28,731,731,971,731,731
2017-08-11T17:30:07,590,1955,1456,590,1456
2017-08-11T17:38:39,510,510,510,510,510
2017-08-11T17:41:04,355,283,355,355,283
2017-08-11T17:43:32,500,849,405,405,405
2017-08-11T17:45:55,1421,1358,671,671,671
2017-08-11T17:54:38,267,612,267,267,267
2017-08-11T17:59:40,529,529,529,529,529
2017-08-11T18:15:11,327,327,327,327,327
2017-08-11T18:20:15,1622,1650,1622,1622,1622
2017-08-11T18:21:43,264,370,370,370,264
2017-08-11T18:23:45,1544,1544,1058,1058,1251
2017-08-11T18:24:08,1210,1210,901,901,901
2017-08-11T18:28:12,737,343,559,343,237
2017-08-11T18:29:47,657,1579,657,657,657
2017-08-11T18:45:45,1625,1376,1577,1577,1376
2017-08-11T18:50:06,2200,2773,2200,2200,2200
2017-08-11T18:52:17,641,2218,641,641,641
2017-08-11T18:53:09,961,1435,961,961,961
2017-08-11T19:04:34,1014,798,979,979,798
2017-08-11T19:14:12,1039,1039,1039,1039,1039
2017-08-11T19:22:30,1036,1013,1036,790,790
2017-08-11T19:24:32,181,845,181,181,181
2017-08-11T19:26:47,591,880,591,591,591
2017-08-11T19:28:02,853,824,853,853,853
2017-08-11T19:31:32,1251,1595,1251,1251,1251
2017-08-11T19:36,332,1029,332,332,332
2017-08-11T19:39:05,838,760,435,435,435
2017-08-11T19:40:11,1607,1521,1607,1472,1472
2017-08-11T19:40:55,1336,1600,1282,1282,926
2017-08-11T19:42:05,1069,367,1069,367,367
2017-08-11T19:47:02,1045,1045,1045,1045,1044
2017-08-11T19:54:52,659,659,659,659,659
2017-08-11T20:07:33,772,901,2080,1259,1247
2017-08-11T20:13:54,587,587,2593,1140,587
2017-08-11T20:24:02,184,2828,184,184,184
2017-08-11T20:35:47,533,731,731,731,731
2017-08-11T20:48:09,583,1639,1189,1700,1148
2017-08-11T20:56:17,111,111,111,111,111
2017-08-11T21:10:50,1478,1458,814,814,814
2017-08-11T21:12:17,907,568,749,749,749
2017-08-11T21:17:43,575,575,575,575,575
2017-08-11T21:19:14,713,803,829,931,709
2017-08-11T21:31:48,2947,2590,3081,2947,2583
2017-08-11T21:34:54,2831,1976,2878,2878,2223
2017-08-11T21:40:46,935,935,935,935,935
2017-08-11T21:41:32,1253,903,1253,745,1003
2017-08-11T21:41:52,1325,1135,1341,867,1135
2017-08-11T21:42:14,5156,4497,5156,5156,4933
2017-08-11T21:43:32,2250,1202,230,1464,1464
2017-08-11T21:45:47,361,1542,361,361,361
2017-08-11T21:52:10,354,354,1466,929,603
2017-08-11T21:56:39,1231,1180,1231,1686,853
2017-08-11T21:57:07,5062,5421,3455,4417,4417
2017-08-11T22:00:21,3090,3090,2594,2594,2594
2017-08-11T22:08:06,688,787,656,656,560
2017-08-11T22:09:31,3506,3332,1794,2356,3332
2017-08-11T22:20:47,1711,1009,2681,1711,1348
2017-08-11T22:21:08,3278,2438,3416,3278,3019
2017-08-11T22:21:47,2540,1467,3242,2540,2540
2017-08-11T22:27:58,1216,1216,1216,1216,991
2017-08-11T22:30:23,799,799,799,799,799
2017-08-11T22:34:41,805,805,805,805,805
2017-08-11T22:50:24,1493,1237,1237,1237,1539
2017-08-11T22:57:21,452,222,772,772,772
2017-08-11T23:09:20,3409,4116,2192,2192,3409
2017-08-11T23:11:19,415,890,668,576,415
2017-08-11T23:34:16,187,187,187,187,187
2017-08-12T00:00:16,1801,2643,1434,1701,1701
2017-08-12T00:04:48,1085,1587,991,991,1085
2017-08-12T00:04:52,279,279,279,279,279
2017-08-12T00:27:02,700,1458,700,700,700
2017-08-12T00:28:51,1225,2570,637,637,637
2017-08-12T00:33:10,847,1151,934,847,847
2017-08-12T00:35:42,1017,1420,1271,1134,1017
2017-08-12T00:42:19,453,514,453,453,453
2017-08-12T00:44:42,390,390,682,630,571
2017-08-12T00:49:20,266,493,493,493,474
2017-08-12T00:52:41,677,1523,677,677,677
2017-08-12T01:07:37,473,473,473,660,473
2017-08-12T01:14:20,967,2566,967,967,2075
2017-08-12T01:16:40,3085,3576,2768,3085,3259
2017-08-12T01:35:54,1482,2275,1214,1564,1564
2017-08-12T01:36:26,219,219,219,219,219
2017-08-12T01:40:54,2696,2696,2696,2696,2696
2017-08-12T02:06:04,1129,1109,1090,1090,1090
2017-08-12T02:11:38,518,1225,518,518,518
2017-08-12T02:13:24,2268,1739,2268,2268,2268
2017-08-12T02:21:11,436,436,436,436,436
2017-08-12T02:31:04,257,257,257,438,257
2017-08-12T02:42:09,675,1007,379,379,379
2017-08-12T02:45:42,1058,448,995,995,563
2017-08-12T02:48:06,650,311,1109,650,492
2017-08-12T02:48:40,1278,1158,1083,1278,869
2017-08-12T03:00:10,817,340,1076,817,527
2017-08-12T03:03:13,1141,2216,1141,1141,1931
2017-08-12T03:06:13,884,182,1183,906,422
2017-08-12T03:12:29,190,190,190,190,190
2017-08-12T03:16:49,716,716,716,736,622
2017-08-12T03:16:53,1609,527,1609,1609,527
2017-08-12T03:29:28,1233,1233,1056,1233,859
2017-08-12T03:46:47,655,1003,655,655,655
2017-08-12T04:07:17,285,285,285,285,285
2017-08-12T04:35:59,1010,3620,1010,1010,1010
2017-08-12T05:01:15,1877,2511,788,788,889
2017-08-12T05:09:27,321,321,321,502,321
2017-08-12T05:22:42,380,380,380,380,380
2017-08-12T05:46:28,402,402,402,583,402
2017-08-12T06:08:37,1154,1314,442,694,442
2017-08-12T06:26:43,1694,3286,2480,2480,2480
2017-08-12T06:32:25,1169,1169,1169,1169,1169
2017-08-12T06:36:51,948,2374,948,1829,1829
2017-08-12T06:39:53,751,1514,751,751,751
2017-08-12T06:45:55,960,960,960,1141,960
2017-08-12T07:24:35,1350,1351,1350,1351,1350
2017-08-12T07:35:49,2736,3849,2736,2736,2736
2017-08-12T07:47:25,1790,1704,2052,2052,2052
2017-08-12T08:00:49,1200,1201,1200,1200,1200
2017-08-12T08:54:54,195,195,195,195,195
2017-08-12T09:04:34,221,221,221,221,221
2017-08-12T09:06:02,448,1022,448,448,448
2017-08-12T09:13:02,1023,822,1023,822,822
2017-08-12T09:16:19,348,1218,348,348,348
2017-08-12T09:26:29,834,1280,834,834,834
2017-08-12T09:29:29,1808,2671,1808,1808,1808
2017-08-12T09:47:17,534,534,534,534,534
2017-08-12T09:47:51,586,601,529,529,529
2017-08-12T09:49:41,510,510,510,203,203
2017-08-12T09:57:58,1787,1787,1968,1787,1787
2017-08-12T09:59:21,669,539,669,669,632
2017-08-12T10:17:31,495,1112,472,472,472
2017-08-12T10:25:47,1128,1737,1128,1128,1128
2017-08-12T10:29:41,1650,1688,1396,1396,1396
2017-08-12T10:34:48,987,987,746,746,679
2017-08-12T10:51:58,493,547,493,493,493
2017-08-12T10:53:22,679,1992,679,679,679
2017-08-12T11:08:31,389,389,389,389,389
2017-08-12T11:11:48,952,952,952,952,952
2017-08-12T11:18:10,702,1482,702,702,702
2017-08-12T11:50:20,1449,1624,1449,1449,1449
2017-08-12T11:50:23,586,586,586,586,586
2017-08-12T11:54:55,1830,2352,1830,1830,1830
2017-08-12T11:59:33,513,1109,513,513,513
2017-08-12T12:02:20,639,1566,639,639,639
2017-08-12T12:08:03,819,819,440,440,440
2017-08-12T12:15:43,669,669,669,669,669
2017-08-12T12:17:22,465,904,265,465,265
2017-08-12T12:20:03,466,1227,466,466,466
2017-08-12T12:29:39,1022,1385,605,605,605
2017-08-12T12:35:24,423,423,604,423,423
2017-08-12T12:42:08,987,964,619,619,619
2017-08-12T12:42:47,294,355,294,294,294
2017-08-12T12:45:43,782,568,804,782,566
2017-08-12T12:53:10,776,1090,776,776,776
2017-08-12T12:55:13,1559,1879,1559,1559,1559
2017-08-12T13:03:32,874,2325,874,874,874
2017-08-12T13:05:03,1981,2394,1981,1981,1981
2017-08-12T13:26:35,492,1246,492,492,492
2017-08-12T13:28:31,257,489,257,257,257
2017-08-12T13:33:10,432,479,432,432,432
2017-08-12T13:34:15,799,1444,799,799,799
2017-08-12T13:36:32,604,1567,604,604,604
2017-08-12T13:42:36,369,233,369,369,369
2017-08-12T13:43:48,1217,1482,1217,1217,1217
2017-08-12T13:45:28,737,1567,737,737,737
2017-08-12T13:46:12,1211,2112,1211,1211,1211
2017-08-12T13:52:39,561,783,308,308,308
2017-08-12T13:55:08,697,937,785,785,697
2017-08-12T14:00:21,2374,3237,2374,2374,2374
2017-08-12T14:17:01,561,561,561,561,561
2017-08-12T14:21:58,1680,1902,1427,1427,1427
2017-08-12T14:38:15,1354,3572,1354,1354,1354
2017-08-12T14:47:15,288,255,380,288,288
2017-08-12T15:20:10,355,355,355,355,355
2017-08-12T15:20:39,719,873,641,641,641
2017-08-12T15:22:37,717,1128,717,717,717
2017-08-12T15:24:13,536,1221,536,536,536
2017-08-12T15:49:42,319,995,319,319,319
2017-08-12T15:53:53,965,2609,965,965,965
2017-08-12T16:05,771,1078,771,771,771
2017-08-12T16:20:38,838,3741,838,838,838
2017-08-12T16:33:21,736,1760,736,736,736
2017-08-12T16:43:59,327,1675,327,327,327
2017-08-12T16:46:43,678,965,678,678,678
2017-08-12T17:12:52,249,3296,249,249,249
2017-08-12T17:19:42,820,1690,820,820,820
2017-08-12T17:25:35,602,1474,602,602,602
2017-08-12T17:26:08,271,1445,271,271,271
2017-08-12T17:42:38,836,1273,1082,1082,1082
2017-08-12T17:51:35,406,432,406,406,406
2017-08-12T17:52:20,389,389,389,389,389
2017-08-12T17:54:39,869,820,601,601,601
2017-08-12T17:56:59,1116,1309,1116,1116,1116
2017-08-12T18:05:19,638,987,638,638,638
2017-08-12T18:05:27,1069,1651,1594,1594,1069
2017-08-12T18:07:44,648,754,648,648,648
2017-08-12T18:08:19,319,319,319,319,319
2017-08-12T18:15:04,612,1224,612,612,612
2017-08-12T18:24:22,346,573,346,346,346
2017-08-12T18:24:53,1195,1493,1195,1195,1195
2017-08-12T18:26:43,2203,2203,2390,2203,2203
2017-08-12T18:32:04,2390,2856,2390,2390,2390
2017-08-12T18:40:30,966,966,654,654,654
2017-08-12T18:51:30,512,1440,512,512,512
2017-08-12T18:58:24,246,1427,246,246,246
2017-08-12T19:04:20,862,862,862,862,862
2017-08-12T19:24:39,1681,1951,2050,2225,1681
2017-08-12T19:33:17,848,978,848,761,761
2017-08-12T19:43:06,250,542,250,250,250
2017-08-12T20:04:59,1206,1633,1076,1076,1076
2017-08-12T20:15:36,723,723,904,904,904
2017-08-12T20:18,824,873,333,333,333
2017-08-12T20:22:56,931,1027,695,931,695
2017-08-12T20:29:47,398,504,601,673,398
2017-08-12T20:31:50,663,3566,663,663,663
2017-08-12T20:40:38,1029,2058,1029,1029,1029
2017-08-12T20:41:04,3107,2489,1072,1072,1478
2017-08-12T20:42:34,249,249,489,489,249
2017-08-12T20:42:47,873,991,873,991,873
2017-08-12T20:46:44,757,757,757,757,757
2017-08-12T20:48:08,936,528,1173,581,581
2017-08-12T20:52:44,634,1187,992,634,634
2017-08-12T20:54:07,2776,2289,1480,1480,1480
2017-08-12T20:55:11,4061,3498,867,867,3220
2017-08-12T21:16:06,719,719,719,719,342
2017-08-12T21:25:54,629,1386,849,629,629
2017-08-12T21:29:38,229,229,410,410,229
2017-08-12T21:39:28,738,557,557,557,557
2017-08-12T21:41:04,1770,1563,1563,1607,1607
2017-08-12T21:45:21,2087,2674,1494,1581,1812
2017-08-12T21:53:38,865,1340,983,865,865
2017-08-12T21:59:31,639,1059,1146,1146,1146
2017-08-12T22:01:58,1308,817,985,817,908
2017-08-12T22:03:35,1813,1111,1909,1759,1292
2017-08-12T22:09:39,421,421,421,421,421
2017-08-12T22:12:07,1772,1016,1617,1415,1415
2017-08-12T22:23:29,653,1353,653,653,653
2017-08-12T22:42:28,663,1353,707,663,663
2017-08-12T22:55:55,825,1458,825,825,825
2017-08-12T23:02:10,1371,1371,1371,1371,1371
2017-08-12T23:02:38,1252,1807,1252,1252,1252
2017-08-12T23:02:58,672,721,359,672,672
2017-08-12T23:07:12,711,1612,1612,711,711
2017-08-12T23:13:25,393,393,660,485,393
2017-08-12T23:19:16,1077,1077,1077,1077,1077
2017-08-12T23:42:38,1264,2150,1264,1264,1264
2017-08-12T23:47:52,2213,2709,2709,2370,2370
2017-08-12T23:49:50,360,360,360,360,360
2017-08-12T23:54:51,553,553,983,664,553
2017-08-13T00:01:22,765,765,568,538,538
2017-08-13T00:02:44,976,1364,1580,976,976
2017-08-13T00:09:29,458,524,458,458,458
2017-08-13T00:14:48,890,1233,184,184,890
2017-08-13T00:15:09,399,399,809,489,489
2017-08-13T00:18:46,441,601,1211,441,441
2017-08-13T00:29:53,285,391,391,285,285
2017-08-13T00:36:31,637,901,619,642,619
2017-08-13T00:42:02,985,283,464,942,283
2017-08-13T00:43:50,1800,1055,1800,1800,1055
2017-08-13T00:47:50,1126,424,1384,1148,763
2017-08-13T00:55:55,860,860,860,860,860
2017-08-13T00:58:12,297,297,203,297,297
2017-08-13T00:58:13,1772,4864,1772,1772,1772
2017-08-13T00:59,1234,732,732,732,1234
2017-08-13T01:13:52,274,274,274,274,274
2017-08-13T01:15:18,282,282,282,282,282
2017-08-13T01:36,975,926,408,975,975
2017-08-13T01:38:38,714,642,642,714,642
2017-08-13T01:41:06,186,186,367,426,186
2017-08-13T01:45:20,777,438,1162,777,678
2017-08-13T02:18:33,2115,2331,365,365,1203
2017-08-13T02:28:36,875,875,875,875,875
2017-08-13T02:29:43,313,313,311,311,313
2017-08-13T02:31:40,523,523,704,704,704
2017-08-13T02:33:36,319,264,319,319,319
2017-08-13T02:35:39,572,391,730,631,572
2017-08-13T02:48:20,1571,1550,688,1241,688
2017-08-13T02:49:57,1983,1983,1039,1039,1983
2017-08-13T02:52:48,537,198,629,537,438
2017-08-13T02:54:22,1383,681,1117,1117,1117
2017-08-13T03:11:29,2681,1979,2242,2703,2387
2017-08-13T03:14:19,1645,1009,1873,1645,1380
2017-08-13T03:19:06,2123,2123,2123,2123,2123
2017-08-13T03:20:02,1052,1813,1330,1330,1052
2017-08-13T04:20:34,401,401,401,401,401
2017-08-13T04:23:51,954,954,954,1135,954
2017-08-13T04:34:44,592,2077,592,592,592
2017-08-13T04:35:36,606,1019,606,606,606
2017-08-13T04:36:44,959,583,808,808,808
2017-08-13T04:45:12,267,373,267,267,267
2017-08-13T05:14:30,605,605,605,605,605
2017-08-13T06:38:45,1639,1943,1639,1639,1639
2017-08-13T06:49:39,437,437,437,437,437
2017-08-13T07:15:59,252,1129,252,252,252
2017-08-13T07:54:12,910,974,873,873,873
2017-08-13T07:55:19,674,674,674,855,674
2017-08-13T08:12:05,858,1401,858,858,858
2017-08-13T08:34:34,712,1352,712,712,712
2017-08-13T09:35:39,824,1253,824,824,824
2017-08-13T09:50:24,551,614,551,551,551
2017-08-13T09:57:32,450,1127,450,450,450
2017-08-13T10:03:44,1669,2783,1669,1669,1669
2017-08-13T10:07:26,1040,2995,1040,1040,1040
2017-08-13T10:12:47,195,937,195,195,195
2017-08-13T10:17:10,532,1942,705,705,705
2017-08-13T10:27:03,971,1133,971,971,971
2017-08-13T10:34:34,1555,2750,1555,1555,1555
2017-08-13T10:35:48,221,221,402,402,221
2017-08-13T10:39:59,89,1485,89,89,811
2017-08-13T10:41:37,369,430,369,369,369
2017-08-13T10:54:28,716,716,1013,897,716
2017-08-13T10:55:22,952,3846,952,952,952
2017-08-13T11:02:13,583,1460,583,583,583
2017-08-13T11:03:52,645,1508,645,645,645
2017-08-13T11:07:09,1961,4602,1961,1961,3582
2017-08-13T11:07:40,654,726,711,711,654
2017-08-13T11:08:12,2765,3523,3688,3523,3523
2017-08-13T11:11:08,1022,1810,2107,1022,1022
2017-08-13T11:17:44,247,397,397,397,247
2017-08-13T11:22:54,637,1401,637,637,637
2017-08-13T11:33:24,1356,3235,1177,1356,2442
2017-08-13T11:36:17,778,2249,778,778,1149
2017-08-13T11:44:12,843,843,1024,1024,843
2017-08-13T11:51:36,319,380,499,319,319
2017-08-13T11:57:25,671,1693,671,671,1289
2017-08-13T12:03:13,1173,1902,1173,1173,1173
2017-08-13T12:03:56,1148,1148,1349,1349,1148
2017-08-13T12:06:01,879,1327,879,879,1139
2017-08-13T12:11:58,1819,2737,1352,1819,2348
2017-08-13T12:13:25,813,1082,813,813,813
2017-08-13T12:23:06,851,929,902,902,851
2017-08-13T12:25:40,675,711,711,711,675
2017-08-13T12:48:07,409,409,408,408,409
2017-08-13T12:49:42,1835,2326,1948,1835,1835
2017-08-13T12:51:36,717,1562,717,717,717
2017-08-13T12:52:49,975,1197,975,722,722
2017-08-13T13:19:17,1288,1202,1227,1238,1286
2017-08-13T13:28:23,355,1968,355,911,1193
2017-08-13T13:36:34,945,964,1027,984,984
2017-08-13T13:48:01,1941,1352,1941,1941,1941
2017-08-13T13:50:08,911,1290,911,911,911
2017-08-13T14:07:14,393,454,573,393,454
2017-08-13T14:16:06,460,769,460,460,460
2017-08-13T14:21:41,553,554,680,553,553
2017-08-13T14:25:58,941,941,1589,941,941
2017-08-13T14:26:37,515,947,515,515,552
2017-08-13T14:28:29,756,3524,756,756,756
2017-08-13T14:28:39,551,1104,551,551,551
2017-08-13T14:40:15,1175,1623,1175,1175,1175
2017-08-13T14:40:49,354,354,535,354,354
2017-08-13T14:46:41,662,422,796,541,475
2017-08-13T14:56:54,1101,1322,847,1101,847
2017-08-13T15:07:52,745,531,745,745,531
2017-08-13T15:09:35,327,1940,327,280,1165
2017-08-13T15:24:07,699,614,558,558,558
2017-08-13T15:25:49,1431,3069,419,419,2596
2017-08-13T15:29:01,255,3100,255,255,255
2017-08-13T15:32:26,1574,1574,1490,1490,1490
2017-08-13T15:43:35,601,601,338,338,338
2017-08-13T16:01:14,4708,4894,4708,4708,4708
2017-08-13T16:02:03,482,588,482,482,482
2017-08-13T16:06:25,354,372,372,354,372
2017-08-13T16:07:02,529,529,769,529,529
2017-08-13T16:27:33,911,2533,916,911,916
2017-08-13T16:35:36,969,4016,969,969,1817
2017-08-13T16:38:38,828,1348,828,828,828
2017-08-13T16:47:02,1157,1251,1157,1157,1157
2017-08-13T16:52:16,4066,5075,4350,4350,4350
2017-08-13T16:53:38,381,1276,381,381,381
2017-08-13T16:56:31,522,2140,1647,1329,1647
2017-08-13T17:04:21,513,740,513,513,513
2017-08-13T17:09:29,691,922,691,691,691
2017-08-13T17:18:21,502,1328,502,502,502
2017-08-13T17:20:13,2039,2901,2039,2039,2039
2017-08-13T17:23:28,1186,2063,1186,1163,1186
2017-08-13T17:23:52,843,1192,748,748,748
2017-08-13T17:39:44,281,281,281,281,281
2017-08-13T17:48:07,246,457,176,176,176
2017-08-13T17:54:04,1375,3655,1375,1375,1375
2017-08-13T17:54:51,332,332,332,332,332
2017-08-13T18:02:06,245,351,245,245,245
2017-08-13T18:02:35,394,1575,394,394,1419
2017-08-13T18:07:48,312,312,312,312,312
2017-08-13T18:10:54,632,849,632,632,632
2017-08-13T18:12:58,340,340,580,340,279
2017-08-13T18:34:29,1120,2784,521,521,1120
2017-08-13T18:35:01,847,1641,847,847,847
2017-08-13T18:37:57,493,1098,493,493,493
2017-08-13T18:58:20,1234,2416,1234,1234,2073
2017-08-13T19:05:13,890,1753,890,890,890
2017-08-13T19:09:31,529,2468,529,529,1139
2017-08-13T19:09:32,946,3173,946,946,946
2017-08-13T19:11:02,333,333,333,333,333
2017-08-13T19:25:37,588,829,520,520,520
2017-08-13T19:35:24,146,146,146,146,146
2017-08-13T19:40:57,929,1965,929,929,1086
2017-08-13T19:41:58,746,741,605,605,605
2017-08-13T19:51:40,713,954,713,713,713
2017-08-13T19:56:25,321,253,321,321,321
2017-08-13T19:58:05,1015,1015,1015,1015,1015
2017-08-13T19:59:07,1192,1672,1192,1192,1192
2017-08-13T19:59:50,360,707,360,360,360
2017-08-13T20:05:49,545,545,530,530,530
2017-08-13T20:08:02,813,866,813,813,813
2017-08-13T20:12:48,770,1251,1463,770,770
2017-08-13T20:23:20,1553,1373,1757,1757,1553
2017-08-13T20:28:33,1935,1551,1935,1935,1892
2017-08-13T20:31:24,1500,1376,1500,1500,834
2017-08-13T20:49:25,533,841,533,533,533
2017-08-13T20:53:50,1469,1944,1469,1469,1469
2017-08-13T20:57:31,1098,1124,1570,1256,1123
2017-08-13T21:01:17,1045,916,777,777,777
2017-08-13T21:04:40,1326,1375,1375,1326,1326
2017-08-13T21:15:30,1832,1897,1832,1832,1832
2017-08-13T21:21:16,1142,3379,1142,1142,1142
2017-08-13T21:29:56,1779,1779,679,1088,679
2017-08-13T21:39:16,301,1535,301,301,301
2017-08-13T21:39:50,772,764,772,772,772
2017-08-13T21:54,588,579,541,736,541
2017-08-13T22:22:31,869,1192,869,869,869
2017-08-13T22:28:27,114,114,114,114,114
2017-08-13T22:28:28,844,1196,797,797,797
2017-08-13T22:34:45,1094,1448,892,274,892
2017-08-13T22:37:51,567,674,573,573,573
2017-08-13T22:40:25,1510,2439,495,495,495
2017-08-13T22:43:37,1156,1156,1156,1156,1156
2017-08-13T22:55:46,1100,1100,1100,1100,1100
2017-08-13T23:00:03,292,1261,292,292,292
2017-08-13T23:15:47,952,2133,952,952,952
2017-08-13T23:29:33,473,473,473,487,473
2017-08-13T23:33:50,744,744,410,410,410
2017-08-13T23:37:20,415,1178,481,783,1251
2017-08-13T23:45:44,1686,2529,1398,1398,1398
2017-08-13T23:56,1389,1133,1244,990,990