timestamp,One week
2018-08-01T01:26:45,979
2018-08-01T01:28:55,614
2018-08-01T01:44:12,991
2018-08-01T01:47:18,650
2018-08-01T02:13:53,413
2018-08-01T02:20:54,653
2018-08-01T02:27:34,1186
2018-08-01T03:12:10,1159
2018-08-01T03:27:51,499
2018-08-01T03:44:41,482
2018-08-01T03:45:54,574
2018-08-01T03:46:24,621
2018-08-01T04:24:05,1118
2018-08-01T04:53:54,1352
2018-08-01T05:07,735
2018-08-01T05:15:53,612
2018-08-01T05:18:39,4281
2018-08-01T05:23:03,525
2018-08-01T05:24:41,500
2018-08-01T05:51:25,1228
2018-08-01T05:52:31,669
2018-08-01T05:54:50,684
2018-08-01T06:06:08,1405
2018-08-01T06:15:41,527
2018-08-01T06:19:11,683
2018-08-01T06:31:52,3179
2018-08-01T06:36:53,1632
2018-08-01T06:38:38,1058
2018-08-01T06:54:04,2757
2018-08-01T07:27:46,478
2018-08-01T07:31:05,1059
2018-08-01T07:50:11,2161
2018-08-01T07:54:33,798
2018-08-01T07:54:35,1162
2018-08-01T07:56:10,596
2018-08-01T08:08:57,666
2018-08-01T08:12:44,2496
2018-08-01T08:18:39,957
2018-08-01T08:19:09,822
2018-08-01T08:20:05,984
2018-08-01T08:25:40,619
2018-08-01T08:28:13,1537
2018-08-01T08:28:36,670
2018-08-01T08:29:18,1731
2018-08-01T08:33:41,971
2018-08-01T08:41:56,4340
2018-08-01T08:48:20,1719
2018-08-01T08:49:18,4389
2018-08-01T09:01:59,1529
2018-08-01T09:03:20,2620
2018-08-01T09:04:12,3656
2018-08-01T09:18,2591
2018-08-01T09:36:15,2278
2018-08-01T09:24:01,3863
2018-08-01T09:30:29,2446
2018-08-01T09:41:26,1195
2018-08-01T09:49:02,3373
2018-08-01T09:54:17,4312
2018-08-01T09:56:54,2810
2018-08-01T10:02:22,2713
2018-08-01T10:10:14,2297
2018-08-01T10:10:16,2916
2018-08-01T10:17:10,5567
2018-08-01T10:25:18,3343
2018-08-01T10:31:40,2365
2018-08-01T10:10:16,3966
2018-08-01T10:35:06,3401
2018-08-01T10:35:11,3854
2018-08-01T10:37:02,3451
2018-08-01T10:53:54,3493
2018-08-01T10:54:54,4462
2018-08-01T10:10:16,6150
2018-08-01T10:55:29,5964
2018-08-01T10:58:09,2753
2018-08-01T11:01:47,2999
2018-08-01T11:09:22,4043
2018-08-01T10:53:54,5659
2018-08-01T11:14:02,3335
2018-08-01T11:16:17,3156
2018-08-01T10:10:16,9062
2018-08-01T11:33:59,5990
2018-08-01T10:53:54,8380
2018-08-01T11:17:42,6298
2018-08-01T11:19:15,7458
2018-08-01T11:19:33,6677
2018-08-01T11:58:28,4296
2018-08-01T12:08:09,3559
2018-08-01T12:16:51,4417
2018-08-01T12:17:16,3461
2018-08-01T11:28:34,8457
2018-08-01T11:29:12,8920
2018-08-01T10:58:09,9509
2018-08-01T10:53:54,11515
2018-08-01T12:32:14,5202
2018-08-01T12:33:05,12205
2018-08-01T12:34:08,5514
2018-08-01T12:34:26,6071
2018-08-01T12:34:57,5094
2018-08-01T12:36:31,5675
2018-08-01T12:36:35,7035
2018-08-01T11:19:33,11286
2018-08-01T12:39:50,7276
2018-08-01T12:17:16,7932
2018-08-01T12:53:39,17328
2018-08-01T13:07:45,7100
2018-08-01T13:12:20,5615
2018-08-01T11:29:12,10641
2018-08-01T13:14:17,9049
2018-08-01T10:58:09,13699
2018-08-01T13:20,8745
2018-08-01T10:53:54,17315
2018-08-01T12:34:26,10879
2018-08-01T13:33,10969
2018-08-01T13:33:54,7487
2018-08-01T13:43:09,7688
2018-08-01T13:43:24,7101
2018-08-01T13:44:54,7693
2018-08-01T13:45:31,8441
2018-08-01T13:49:36,7504
2018-08-01T12:36:31,12326
2018-08-01T11:19:33,18291
2018-08-01T14:04:33,7360
2018-08-01T14:09:57,9240
2018-08-01T12:54:56,14941
2018-08-01T12:58:07,12509
2018-08-01T14:15:37,9792
2018-08-01T11:29:12,18310
2018-08-01T14:18:03,9490
2018-08-01T10:58:09,20788
2018-08-01T14:33:34,9959
2018-08-01T14:36:48,10966
2018-08-01T14:37:48,11022
2018-08-01T14:40:40,11178
2018-08-01T14:43:40,10730
2018-08-01T14:46:06,11229
2018-08-01T12:34:26,20431
2018-08-01T15:08:35,11751
2018-08-01T15:18:38,9723
2018-08-01T15:24:33,11056
2018-08-01T15:26:10,10654
2018-08-01T15:30:59,12088
2018-08-01T12:36:31,20288
2018-08-01T11:19:33,25970
2018-08-01T15:45:48,9598
2018-08-01T15:54:56,9268
2018-08-01T12:55:55,26462
2018-08-01T11:29:12,26624
2018-08-01T16:07:46,11518
2018-08-01T16:08:38,9689
2018-08-01T16:21:54,9356
2018-08-01T10:58:09,30023
2018-08-01T16:31:05,12822
2018-08-01T16:32:52,10217
2018-08-01T16:33:46,11955
2018-08-01T16:43:32,16942
2018-08-01T17:07:07,9745
2018-08-01T17:11:05,12774
2018-08-01T17:11:32,9500
2018-08-01T14:40:40,18263
2018-08-01T17:14:11,9701
2018-08-01T17:21:06,9446
2018-08-01T14:43:40,19295
2018-08-01T20:00:11,1177
2018-08-01T17:26:21,10042
2018-08-01T10:53:54,33449
2018-08-01T12:34:26,28429
2018-08-01T17:35:36,9572
2018-08-01T17:41:56,9027
2018-08-01T17:42:37,10168
2018-08-01T15:08:35,18727
2018-08-01T17:55:52,10837
2018-08-01T18:01:58,10472
2018-08-01T12:36:31,30715
2018-08-01T18:08:10,11833
2018-08-01T11:19:33,35535
2018-08-01T18:18:55,11347
2018-08-01T18:26:06,9434
2018-08-01T18:37:05,9868
2018-08-01T19:03:44,12300
2018-08-01T10:58:09,39112
2018-08-01T19:04:15,10250
2018-08-01T16:33:46,20722
2018-08-01T16:43:32,26677
2018-08-01T14:40:40,26689
2018-08-01T19:33:24,8890
2018-08-01T19:33:27,11855
2018-08-01T17:21:06,19096
2018-08-01T19:34:04,10256
2018-08-01T19:39:55,9849
2018-08-01T19:43:35,10139
2018-08-01T19:45:58,9648
2018-08-01T14:43:40,27894
2018-08-01T19:53:47,9115
2018-08-01T15:08:35,27601
2018-08-01T17:47:15,17420
2018-08-01T17:49:41,17863
2018-08-01T20:02:57,9652
2018-08-01T20:06:51,12227
2018-08-01T20:07:32,10468
2018-08-01T20:07:48,10082
2018-08-01T20:12:55,11019
2018-08-01T20:13:58,10744
2018-08-01T17:55:52,19080
2018-08-01T20:22:22,10432
2018-08-01T20:30:07,10266
2018-08-01T20:31:46,11891
2018-08-01T12:36:31,51471
2018-08-01T20:41:44,12812
2018-08-01T20:44:18,11134
2018-08-01T18:08:10,21768
2018-08-01T20:47:16,12865
2018-08-01T20:48:15,12384
2018-08-01T11:19:33,46800
2018-08-01T11:29:12,46452
2018-08-01T20:52:31,12509
2018-08-01T21:02:28,11503
2018-08-01T21:09:37,12912
2018-08-01T21:15:45,12422
2018-08-01T21:22:09,12780
2018-08-01T21:24:39,11687
2018-08-01T10:58:09,50064
2018-08-01T21:30:51,13886
2018-08-01T16:33:46,33909
2018-08-01T21:39:23,14072
2018-08-01T21:40:54,15131
2018-08-01T21:42:17,14125
2018-08-01T21:42:55,13954
2018-08-01T16:43:32,39083
2018-08-01T14:40:40,39883
2018-08-01T21:53:49,16968
2018-08-01T17:21:06,34740
2018-08-01T22:04:58,13244
2018-08-01T14:43:40,40659
2018-08-01T22:18:29,14392
2018-08-01T15:08:35,38980
2018-08-01T22:23:35,18048
2018-08-01T22:39:18,14524
2018-08-01T22:39:21,15547
2018-08-01T22:40:40,16355
2018-08-01T22:43:43,14426
2018-08-01T22:45:33,13714
2018-08-01T20:07:48,24644
2018-08-01T17:55:52,32896
2018-08-01T20:22:22,24175
2018-08-01T22:58:10,14458
2018-08-01T23:02:26,15877
2018-08-01T23:03:37,16261
2018-08-01T23:26:26,13439
2018-08-01T23:27:18,16127
2018-08-01T12:36:31,53880
2018-08-01T18:08:10,34205
2018-08-01T11:19:33,59393
2018-08-01T23:55:20,14196
2018-08-01T11:29:12,59761
2018-08-02T00:01:51,14292
2018-08-01T21:02:28,24581
2018-08-02T00:07,15286
2018-08-02T00:21:40,13738
2018-08-02T00:22:25,13956
2018-08-02T00:24,15774
2018-08-02T00:32:41,13174
2018-08-01T10:58:09,62390
2018-08-01T16:33:46,45163
2018-08-02T00:53:52,12899
2018-08-02T00:54:43,13531
2018-08-02T00:55:08,15403
2018-08-01T21:40:54,26408
2018-08-01T21:42:17,30562
2018-08-01T16:43:32,52030
2018-08-02T01:11:37,14190
2018-08-02T01:11:40,13840
2018-08-02T01:16:34,14109
2018-08-02T01:18:10,14078
2018-08-02T01:24:02,15045
2018-08-02T01:28:35,14979
2018-08-01T17:21:06,44887
2018-08-01T14:43:40,54711
2018-08-01T15:08:35,52691
2018-08-02T01:48:51,15815
2018-08-02T02:11:12,17082
2018-08-01T20:07:48,35303
2018-08-02T02:27:59,13942
2018-08-02T02:37:29,12378
2018-08-02T02:41:13,13244
2018-08-01T17:55:52,45935
2018-08-01T20:22:22,37498
2018-08-01T20:31:46,37901
2018-08-02T03:02:01,13196
2018-08-02T03:02:46,14272
2018-08-02T03:03:35,13851
2018-08-01T12:36:31,77504
2018-08-01T18:08:10,47533
2018-08-02T03:23:40,13197
2018-08-01T11:19:33,71077
2018-08-01T11:29:12,72357
2018-08-02T03:34:49,12947
2018-08-02T03:36:23,12744
2018-08-02T03:38:51,14157
2018-08-01T21:02:28,36683
2018-08-02T00:07,29857
2018-08-02T03:53:27,13926
2018-08-02T04:00:50,12788
2018-08-01T10:58:09,74460
2018-08-01T16:33:46,57382
2018-08-02T04:13:38,13832
2018-08-02T04:17:55,13327
2018-08-02T04:24:15,14639
2018-08-02T04:27:05,13765
2018-08-02T00:55:08,32014
2018-08-01T21:40:54,37859
2018-08-01T21:42:17,38655
2018-08-01T16:43:32,61542
2018-08-02T04:43:15,12901
2018-08-02T04:59:39,11357
2018-08-01T14:40:40,63712
2018-08-02T05:02:28,12919
2018-08-02T05:10,13565
2018-08-01T14:43:40,63485
2018-08-01T20:07:48,44773
2018-08-01T20:22:22,43554
2018-08-01T12:36:31,72599
2018-08-02T06:43:26,8282
2018-08-01T18:08:10,67193
2018-08-01T11:19:33,78514
2018-08-01T11:29:12,78801
2018-08-01T21:02:28,42745
2018-08-01T10:58:09,80069
2018-08-02T07:36:06,11458
2018-08-01T16:33:46,62806
2018-08-02T07:44:13,6817
2018-08-02T07:45:01,6829
2018-08-02T07:52:20,7211
2018-08-02T00:55:08,32831
2018-08-02T07:58:54,8838
2018-08-01T17:21:06,62236
2018-08-02T05:24:47,18793
2018-08-02T08:02:55,7816
2018-08-02T08:05:36,9438
2018-08-01T15:08:35,69665
2018-08-02T05:39:49,17917
2018-08-02T08:07:29,11371
2018-08-01T20:07:48,53116
2018-08-01T17:55:52,62020
2018-08-02T08:10:03,10861
2018-08-02T08:19:13,9561
2018-08-01T20:31:46,53790
2018-08-02T06:31:07,16451
2018-08-02T08:28:22,10157
2018-08-02T08:31:23,10606
2018-08-02T08:31:40,10921
2018-08-01T18:08:10,61331
2018-08-01T11:19:33,86799
2018-08-02T08:43:16,12271
2018-08-01T11:29:12,86136
2018-08-02T07:05:08,16379
2018-08-02T00:07,43541
2018-08-01T10:58:09,89792
2018-08-02T09:07:19,11327
2018-08-01T16:33:46,73087
2018-08-02T09:12:35,11796
2018-08-02T00:55:08,42120
2018-08-02T09:24:34,11156
2018-08-02T09:26:23,10223
2018-08-02T09:41:36,9478
2018-08-02T09:46:26,11585
2018-08-02T09:52:28,11666
2018-08-02T09:56:20,12362
2018-08-01T17:21:06,72261
2018-08-02T05:24:47,27717
2018-08-02T10:01:43,11639
2018-08-02T10:02:09,11532
2018-08-01T15:08:35,78948
2018-08-02T10:06:07,11361
2018-08-02T10:07:46,12150
2018-08-02T10:07:49,11124
2018-08-02T10:19:22,11165
2018-08-01T20:07:48,61650
2018-08-01T17:55:52,71183
2018-08-02T10:30:45,13088
2018-08-02T08:19:13,19677
2018-08-01T20:31:46,62950
2018-08-02T10:38:30,12017
2018-08-01T12:36:31,91694
2018-08-02T10:44:45,13998
2018-08-02T10:47:59,12325
2018-08-02T08:31:40,23646
2018-08-02T10:51:10,13060
2018-08-02T10:51:32,12825
2018-08-01T18:08:10,73962
2018-08-02T10:59:40,12153
2018-08-01T11:19:33,97474
2018-08-02T11:04:26,12506
2018-08-02T08:43:16,24765
2018-08-01T11:29:12,100982
2018-08-02T11:15:19,13666
2018-08-02T11:17:02,13126
2018-08-02T11:17:19,17095
2018-08-02T00:07,54981
2018-08-02T11:19:05,14721
2018-08-02T11:22:27,12486
2018-08-02T11:24:03,13372
2018-08-02T11:38:20,12804
2018-08-02T11:38:52,12511
2018-08-01T10:58:09,102083
2018-08-01T16:33:46,83833
2018-08-02T00:55:08,53786
2018-08-02T11:53:58,16057
2018-08-02T09:26:23,23029
2018-08-02T09:26:33,22247
2018-08-02T12:03:30,13026
2018-08-02T12:04:48,13410
2018-08-02T12:07:36,14026
2018-08-02T12:07:54,14787
2018-08-02T12:08:16,14335
2018-08-02T12:13:44,15082
2018-08-02T12:15:49,14509
2018-08-02T12:28:04,20318
2018-08-02T09:56:20,23965
2018-08-01T17:21:06,83888
2018-08-02T12:35:29,14275
2018-08-02T05:24:47,41598
2018-08-02T10:02:09,24306
2018-08-02T12:42:28,14654
2018-08-02T12:46:06,15077
2018-08-01T15:08:35,92618
2018-08-02T12:51:26,14699
2018-08-02T12:54:54,15521
2018-08-02T12:57:18,14496
2018-08-02T12:57:59,15195
2018-08-01T20:07:48,75366
2018-08-02T13:08:43,15598
2018-08-02T13:09:36,15109
2018-08-02T13:12:46,14665
2018-08-02T13:19:54,14652
2018-08-01T17:55:52,84530
2018-08-02T08:19:13,33156
2018-08-01T20:31:46,76844
2018-08-02T13:26:55,15926
2018-08-02T13:29:02,16406
2018-08-02T13:29:10,15842
2018-08-02T13:31:20,15008
2018-08-01T12:36:31,105657
2018-08-02T13:47:18,15037
2018-08-02T13:48:17,16365
2018-08-02T10:47:59,29076
2018-08-02T08:31:40,37506
2018-08-01T18:08:10,86813
2018-08-02T14:06:28,14854
2018-08-01T11:19:33,112485
2018-08-02T14:07:11,17853
2018-08-02T14:08:53,15593
2018-08-02T08:43:16,38450
2018-08-01T11:29:12,111382
2018-08-02T11:15:19,26502
2018-08-02T14:27:58,14780
2018-08-02T14:32:56,17070
2018-08-02T14:33:03,16448
2018-08-02T00:07,68288
2018-08-02T14:36:51,14527
2018-08-02T14:37:45,15737
2018-08-02T11:19:05,30316
2018-08-02T14:40:32,16652
2018-08-02T14:52:13,16929
2018-08-02T14:53:18,15291
2018-08-02T14:53:34,16951
2018-08-01T10:58:09,117777
2018-08-02T14:57:48,16409
2018-08-01T16:33:46,99935
2018-08-02T15:00:17,17047
2018-08-02T15:02:04,16546
2018-08-02T00:55:08,69758
2018-08-02T09:26:23,37909
2018-08-02T15:16:04,17255
2018-08-02T15:19:23,16808
2018-08-02T15:23:58,18022
2018-08-02T15:25:04,18076
2018-08-02T15:27:39,19383
2018-08-02T15:31:08,17526
2018-08-02T15:41:02,15983
2018-08-02T15:42:44,16437
2018-08-02T15:48:58,17954
2018-08-02T12:15:49,28604
2018-08-02T12:21:40,28345
2018-08-02T12:22:11,29490
2018-08-02T16:08:25,14884
2018-08-02T16:10:20,16596
2018-08-02T16:10:38,17551
2018-08-02T16:11:41,15613
2018-08-01T17:21:06,99984
2018-08-02T05:24:47,57871
2018-08-02T16:20:23,26551
2018-08-02T12:46:06,29434
2018-08-02T16:21:35,18539
2018-08-01T15:08:35,109095
2018-08-02T16:34:53,18131
2018-08-02T16:39:09,17168
2018-08-02T12:54:54,31463
2018-08-02T16:40:26,17524
2018-08-02T16:43:40,17253
2018-08-02T16:47:36,17252
2018-08-01T20:07:48,90905
2018-08-02T16:55:25,16569
2018-08-02T13:08:43,31565
2018-08-02T17:00,18045
2018-08-01T17:55:52,101319
2018-08-02T08:19:13,48988
2018-08-02T17:14:32,18208
2018-08-01T20:31:46,94792
2018-08-02T17:21:42,19787
2018-08-02T17:23:06,20067
2018-08-02T17:23:49,19244
2018-08-02T13:29:02,34668
2018-08-02T13:29:10,34364
2018-08-02T17:30:56,20040
2018-08-02T13:31:20,34198
2018-08-02T17:31:38,19594
2018-08-01T12:36:31,135504
2018-08-02T17:38:15,19146
2018-08-02T10:47:59,45022
2018-08-02T17:49:57,22045
2018-08-02T08:31:40,54545
2018-08-01T18:08:10,106276
2018-08-02T17:54:31,21324
2018-08-02T17:58,21618
2018-08-02T18:06:36,21392
2018-08-02T14:06:28,35495
2018-08-01T11:19:33,133273
2018-08-02T14:08:53,35361
2018-08-02T08:43:16,56305
2018-08-01T11:29:12,133384
2018-08-02T11:15:19,47622
2018-08-02T18:24:07,22204
2018-08-02T14:32:56,38299
2018-08-02T18:26:41,22385
2018-08-02T00:07,98366
2018-08-02T18:32:09,24061
2018-08-02T18:33:01,26450
2018-08-02T11:19:05,51858
2018-08-02T18:42:53,23304
2018-08-02T18:50:27,23536
2018-08-02T18:52:24,26574
2018-08-02T19:03:20,24386
2018-08-01T10:58:09,139311
2018-08-01T16:33:46,121829
2018-08-02T19:21:57,24286
2018-08-02T19:22:18,26052
2018-08-02T19:30:34,25503
2018-08-02T00:55:08,93165
2018-08-02T19:35:04,25964
2018-08-02T09:26:23,61822
2018-08-02T15:16:04,40408
2018-08-02T19:43:52,26677
2018-08-02T19:49:12,24897
2018-08-02T19:51:15,25476
2018-08-02T19:54:28,25394
2018-08-02T15:23:58,41939
2018-08-02T16:11:49,39188
2018-08-02T09:56:20,62915
2018-08-02T20:05:20,27065
2018-08-02T20:07:20,27849
2018-08-02T20:07:24,26366
2018-08-02T20:09:22,29084
2018-08-02T20:15:58,34327
2018-08-02T20:26:29,27220
2018-08-01T17:21:06,127176
2018-08-02T20:32:18,28612
2018-08-02T20:35:52,29975
2018-08-02T20:39:44,29592
2018-08-02T20:40:20,31175
2018-08-02T10:02:09,68189
2018-08-02T12:46:06,57155
2018-08-02T16:21:35,45653
2018-08-02T20:51:16,31241
2018-08-02T20:51:40,29010
2018-08-02T20:53:59,29006
2018-08-01T15:08:35,136768
2018-08-02T21:03:37,37173
2018-08-02T12:54:54,60908
2018-08-02T21:09:57,31468
2018-08-01T20:07:48,118973
2018-08-02T21:13:53,31161
2018-08-02T13:08:43,60383
2018-08-02T21:32:20,29439
2018-08-02T21:32:59,29415
2018-08-01T17:55:52,129339
2018-08-02T21:44:48,29341
2018-08-02T21:46:15,31041
2018-08-02T08:19:13,79137
2018-08-02T21:52:53,31167
2018-08-02T21:54:32,32527
2018-08-02T21:58:34,32302
2018-08-02T22:00:03,30613
2018-08-01T20:31:46,124340
2018-08-02T22:04:13,32623
2018-08-02T22:04:40,32185
2018-08-02T22:04:43,32683
2018-08-02T22:15:07,31487
2018-08-02T22:16:52,32628
2018-08-02T22:17:16,32116
2018-08-02T22:17:52,33924
2018-08-02T22:25:02,32822
2018-08-02T13:29:02,66389
2018-08-02T22:32:54,35498
2018-08-02T13:29:10,66981
2018-08-02T13:31:20,66423
2018-08-02T22:45:39,35449
2018-08-02T17:31:38,53193
2018-08-01T12:36:31,157206
2018-08-02T22:51:31,34930
2018-08-02T22:55:28,33391
2018-08-02T10:47:59,78178
2018-08-02T23:01:51,33529
2018-08-03T08:01:36,702
2018-08-03T08:12:06,414
2018-08-02T08:31:40,87291
2018-08-02T11:15:19,75945
2018-08-01T18:08:10,137869
2018-08-02T23:22:52,33709
2018-08-02T23:34:48,32163
2018-08-02T23:35:06,32168
2018-08-02T14:06:28,68427
2018-08-02T23:43:20,34405
2018-08-01T11:19:33,165635
2018-08-02T14:08:53,68879
2018-08-02T18:24:07,51112
2018-08-02T14:32:56,67240
2018-08-02T00:07,117869
2018-08-01T10:58:09,165823
2018-08-03T01:30:08,28293
2018-08-03T01:32:13,27495
2018-08-03T01:32:21,28872
2018-08-03T01:40:20,27857
2018-08-01T16:33:46,149102
2018-08-03T01:48:27,29643
2018-08-03T01:48:59,29273
2018-08-03T01:50:04,28947
2018-08-03T01:59:09,29211
2018-08-03T02:07:20,29670
2018-08-02T00:55:08,120032
2018-08-02T19:35:04,52011
2018-08-03T02:19:42,26699
2018-08-03T02:26:43,27275
2018-08-03T02:37:15,32362
2018-08-02T19:51:15,51533
2018-08-02T15:23:58,68308
2018-08-03T03:01:10,26028
2018-08-02T09:56:20,88176
2018-08-03T03:20:46,25953
2018-08-03T03:20:57,25161
2018-08-03T03:26:03,24799
2018-08-03T03:38:46,24915
2018-08-02T20:15:58,58077
2018-08-03T03:51:19,24303
2018-08-01T17:21:06,150597
2018-08-03T04:01:58,28066
2018-08-03T04:03:30,25421
2018-08-03T04:04:22,30550
2018-08-02T20:40:20,51380
2018-08-02T10:02:09,90794
2018-08-03T04:22:38,26400
2018-08-02T12:46:06,80238
2018-08-02T16:21:35,68553
2018-08-01T15:08:35,158102
2018-08-02T12:54:54,81135
2018-08-02T21:09:57,51765
2018-08-03T05:01:46,22973
2018-08-01T20:07:48,140745
2018-08-02T21:13:53,53210
2018-08-03T05:18:15,23057
2018-08-02T13:08:43,80770
2018-08-02T21:32:20,51270
2018-08-01T17:55:52,150532
2018-08-03T05:33:48,23542
2018-08-03T05:42:50,21447
2018-08-02T08:19:13,99237
2018-08-03T06:40:14,21863
2018-08-02T22:16:52,50165
2018-08-03T06:50:31,24602
2018-08-02T22:25:02,50234
2018-08-02T13:29:02,84053
2018-08-03T07:25:27,18324
2018-08-03T07:35:15,17743
2018-08-02T13:29:10,83874
2018-08-03T07:42:20,21713
2018-08-03T07:44:11,18282
2018-08-02T13:31:20,83749
2018-08-02T17:31:38,68975
2018-08-01T12:36:31,173799
2018-08-02T10:47:59,95067
2018-08-02T14:08:53,81904
2018-08-02T08:43:16,105317
2018-08-02T23:57:44,47140
2018-08-01T11:29:12,178028
2018-08-03T00:08:07,47507
2018-08-02T18:24:07,68472
2018-08-03T08:31:35,18921
2018-08-03T00:55:20,45596
2018-08-02T18:33:01,70914
2018-08-02T11:19:05,97638
2018-08-03T01:09:58,46284
2018-08-03T01:16:11,44852
2018-08-01T10:58:09,183980
2018-08-03T08:43:03,19164
2018-08-03T08:44:30,19690
2018-08-03T08:48:03,19119
2018-08-03T08:48:30,20189
2018-08-03T08:52:31,20640
2018-08-03T08:56:27,19005
2018-08-03T01:32:21,45658
2018-08-03T09:01:43,18921
2018-08-01T16:33:46,167033
2018-08-03T09:16:11,20398
2018-08-03T09:29:57,18997
2018-08-02T00:55:08,137751
2018-08-02T09:26:23,105232
2018-08-02T15:16:04,84751
2018-08-03T09:36:13,18277
2018-08-03T09:36:51,19680
2018-08-03T09:39:04,19491
2018-08-03T09:40:46,19043
2018-08-02T19:51:15,69646
2018-08-02T15:23:58,85247
2018-08-03T09:52:16,20235
2018-08-03T09:58:13,19486
2018-08-03T09:59:36,19024
2018-08-03T03:05:14,47513
2018-08-03T03:13:55,42607
2018-08-03T10:02:16,19147
2018-08-03T03:20:57,43376
2018-08-03T10:03:30,19375
2018-08-03T10:08:27,20586
2018-08-03T10:14:45,18917
2018-08-02T20:15:58,75079
2018-08-01T17:21:06,168646
2018-08-03T10:37:12,18554
2018-08-02T20:40:20,68449
2018-08-02T10:02:09,109704
2018-08-03T10:46:22,17990
2018-08-03T10:49:12,19348
2018-08-02T12:46:06,99765
2018-08-03T10:49:45,22535
2018-08-02T16:21:35,87698
2018-08-03T10:50:46,21872
2018-08-03T10:50:56,20372
2018-08-02T12:54:54,100518
2018-08-02T21:09:57,70536
2018-08-03T10:56:08,22263
2018-08-03T10:58:13,23783
2018-08-01T20:07:48,160231
2018-08-02T21:13:53,72702
2018-08-03T11:04:51,21332
2018-08-03T11:08:51,20858
2018-08-03T11:10:41,21718
2018-08-02T13:08:43,102033
2018-08-02T21:32:20,70640
2018-08-03T11:13:01,24449
2018-08-01T17:55:52,173604
2018-08-03T11:31:05,21050
2018-08-03T11:31:44,22950
2018-08-03T11:38:35,22094
2018-08-03T11:40:07,21532
2018-08-03T11:43:24,20544
2018-08-03T05:48:36,44360
2018-08-01T20:31:46,165853
2018-08-02T22:16:52,71166
2018-08-03T11:50:56,22752
2018-08-03T06:50:31,45830
2018-08-03T12:05:17,22086
2018-08-03T12:05:33,22493
2018-08-02T22:25:02,71617
2018-08-02T13:29:02,103283
2018-08-03T12:10:39,22438
2018-08-03T12:17:35,21301
2018-08-03T12:19:53,22567
2018-08-02T13:29:10,105626
2018-08-03T12:24:20,21456
2018-08-03T12:26:08,25390
2018-08-02T13:31:20,105701
2018-08-02T17:31:38,89990
2018-08-03T12:34:44,22624
2018-08-01T12:36:31,195276
2018-08-02T10:47:59,116189
2018-08-02T14:08:53,105388
2018-08-03T12:40:24,24115
2018-08-02T08:43:16,127918
2018-08-03T12:43:24,24805
2018-08-01T11:29:12,201653
2018-08-03T12:49:40,23611
2018-08-03T12:52:02,25389
2018-08-03T12:54:53,25544
2018-08-03T12:55:47,23040
2018-08-03T12:58:46,23743
2018-08-03T13:03:41,23353
2018-08-02T18:24:07,90930
2018-08-02T18:33:01,92679
2018-08-03T13:20:36,24218
2018-08-02T11:19:05,118264
2018-08-03T13:28:35,23784
2018-08-03T13:31:02,25132
2018-08-03T13:32:40,24255
2018-08-03T13:35:11,23441
2018-08-03T13:35:20,23009
2018-08-03T13:37:46,25203
2018-08-01T10:58:09,206537
2018-08-03T20:02:47,542
2018-08-03T13:52:41,24911
2018-08-03T13:54:36,25898
2018-08-03T01:32:21,67530
2018-08-01T16:33:46,188382
2018-08-03T14:08:05,22735
2018-08-03T14:10,23200
2018-08-03T14:16:56,23181
2018-08-02T00:55:08,159797
2018-08-02T09:26:23,130338
2018-08-03T14:28:35,23966
2018-08-02T15:16:04,106474
2018-08-03T14:30:18,23429
2018-08-03T14:35:21,27963
2018-08-03T14:36:08,26922
2018-08-03T14:41:33,25988
2018-08-02T19:51:15,93847
2018-08-02T15:23:58,110150
2018-08-03T14:55:39,27614
2018-08-03T03:20:57,66962
2018-08-03T15:03:12,24824
2018-08-03T15:08:23,24890
2018-08-03T15:08:38,25520
2018-08-03T15:11:56,26925
2018-08-03T15:14:17,27225
2018-08-03T10:14:45,43063
2018-08-03T15:25:56,25513
2018-08-02T20:15:58,98994
2018-08-01T17:21:06,193648
2018-08-02T20:40:20,95082
2018-08-02T10:02:09,133546
2018-08-03T15:35:56,26506
2018-08-03T15:55:36,27113
2018-08-03T15:56:21,27504
2018-08-03T16:04:34,27781
2018-08-03T16:06:07,25804
2018-08-02T16:21:35,113304
2018-08-01T15:08:35,203942
2018-08-03T16:12:13,28112
2018-08-02T12:54:54,126869
2018-08-03T16:18:10,27765
2018-08-02T21:09:57,98402
2018-08-03T16:22:21,28680
2018-08-03T16:26:24,29128
2018-08-03T16:26:31,28636
2018-08-01T20:07:48,188142
2018-08-02T21:13:53,100890
2018-08-02T13:08:43,129366
2018-08-03T16:43:33,30120
2018-08-02T21:32:20,100784
2018-08-03T16:51:57,30655
2018-08-03T16:53:29,31892
2018-08-01T17:55:52,200028
2018-08-03T16:59:30,31310
2018-08-03T11:31:44,52935
2018-08-03T17:13:03,30532
2018-08-03T17:19:01,32417
2018-08-03T17:32:23,33334
2018-08-03T17:33,32591
2018-08-01T20:31:46,194635
2018-08-03T17:37:10,31648
2018-08-02T22:16:52,101422
2018-08-03T17:45:41,32646
2018-08-03T06:50:31,77496
2018-08-02T22:25:02,102489
2018-08-02T13:29:02,135822
2018-08-03T17:53:54,33568
2018-08-03T17:56:01,33991
2018-08-03T18:00:14,32665
2018-08-03T18:01:30,31950
2018-08-03T18:09:23,33680
2018-08-03T18:14:15,34422
2018-08-02T13:29:10,137483
2018-08-03T18:18:36,35363
2018-08-02T13:31:20,137106
2018-08-02T17:31:38,123595
2018-08-03T18:23:47,33495
2018-08-03T12:34:44,55266
2018-08-01T12:36:31,228541
2018-08-03T18:28:23,34959
2018-08-03T18:38:21,37390
2018-08-03T18:39:16,37056
2018-08-03T18:42:44,36198
2018-08-02T10:47:59,152898
2018-08-02T14:08:53,139935
2018-08-02T08:43:16,161823
2018-08-03T19:00:46,38193
2018-08-01T11:29:12,236541
2018-08-03T19:08:27,36367
2018-08-03T19:08:35,36340
2018-08-03T19:09:08,36935
2018-08-02T18:24:07,127253
2018-08-02T18:33:01,127774
2018-08-03T19:22:26,37225
2018-08-03T19:27:42,36789
2018-08-03T19:28:04,36868
2018-08-02T11:19:05,156356
2018-08-03T19:40:53,37693
2018-08-03T19:44:07,38577
2018-08-03T13:32:40,60491
2018-08-03T19:52:19,38309
2018-08-01T10:58:09,243364
2018-08-03T20:11:23,38766
2018-08-02T00:55:08,195211
2018-08-02T09:26:23,163743
2018-08-03T20:37:18,36830
2018-08-02T15:16:04,143063
2018-08-03T14:30:18,59829
2018-08-03T20:55:05,37328
2018-08-03T20:55:53,37992
2018-08-03T20:57:38,36254
2018-08-03T21:20:14,35273
2018-08-03T14:39:10,60686
2018-08-03T21:25:34,38385
2018-08-02T19:51:15,128492
2018-08-03T21:27:11,35397
2018-08-03T21:27:25,36678
2018-08-03T14:49:04,62420
2018-08-03T14:54:04,64569
2018-08-03T03:20:57,102214
2018-08-03T21:33:09,38375
2018-08-03T21:39:10,37354
2018-08-03T21:43:50,38309
2018-08-03T21:46:53,37600
2018-08-03T21:55:25,37022
2018-08-03T22:03:40,37095
2018-08-03T10:14:45,79605
2018-08-03T22:08:36,36596
2018-08-03T22:10:20,38017
2018-08-02T20:15:58,132375
2018-08-01T17:21:06,227292
2018-08-03T22:28:32,41334
2018-08-03T22:43:55,37035
2018-08-02T10:02:09,167386
2018-08-03T23:00:48,37871
2018-08-03T23:01:37,36854
2018-08-03T23:03:59,36818
2018-08-03T15:58:49,61650
2018-08-02T12:46:06,159684
2018-08-03T23:14:41,38215
2018-08-03T23:17:50,37863
2018-08-02T16:21:35,149000
2018-08-01T15:08:35,238203
2018-08-03T23:29:39,36103
2018-08-03T23:31:56,41102
2018-08-02T12:54:54,162174
2018-08-03T23:43:27,36048
2018-08-03T16:18:10,62445
2018-08-03T23:46:43,42851
2018-08-02T21:09:57,133269
2018-08-03T23:55:26,37893
2018-08-03T23:58:07,37893
2018-08-01T20:07:48,222559
2018-08-04T00:18:17,35886
2018-08-02T21:13:53,135469
2018-08-04T00:26:26,35731
2018-08-04T00:33:03,36859
2018-08-04T00:34:15,36270
2018-08-04T00:36:18,35960
2018-08-02T13:08:43,163601
2018-08-04T00:39:35,38055
2018-08-04T00:40:47,39095
2018-08-04T00:44:23,39232
2018-08-04T00:45:55,40174
2018-08-04T00:49:59,37939
2018-08-04T00:54:10,37937
2018-08-02T21:32:20,135949
2018-08-04T01:07:45,38137
2018-08-01T17:55:52,236075
2018-08-04T01:09:34,37126
2018-08-04T01:10:18,39279
2018-08-03T11:31:44,91469
2018-08-04T01:36:56,37428
2018-08-04T01:38:03,36302
2018-08-01T20:31:46,230912
2018-08-04T02:01:21,36957
2018-08-02T22:16:52,136375
2018-08-03T17:45:41,66133
2018-08-03T06:50:31,113179
2018-08-04T02:29:36,35440
2018-08-02T22:25:02,136735
2018-08-04T02:35:20,34836
2018-08-04T02:35:30,36846
2018-08-02T13:29:02,169841
2018-08-04T02:46:19,44840
2018-08-04T02:48:41,36465
2018-08-03T18:09:23,74230
2018-08-04T02:56:03,34653
2018-08-04T02:56:05,37138
2018-08-04T02:59:41,35467
2018-08-04T03:04:42,40801
2018-08-04T03:05:38,36042
2018-08-03T18:14:15,69891
2018-08-02T13:29:10,171583
2018-08-02T13:31:20,171541
2018-08-02T17:31:38,157453
2018-08-04T03:27:12,35972
2018-08-03T12:34:44,89218
2018-08-04T03:40:16,34905
2018-08-01T12:36:31,263133
2018-08-04T03:46:13,35178
2018-08-04T03:46:59,35541
2018-08-04T04:10:28,34305
2018-08-04T04:12:43,35866
2018-08-04T04:22:38,35471
2018-08-04T04:28:41,34089
2018-08-02T10:47:59,185231
2018-08-02T14:08:53,171919
2018-08-02T08:43:16,195410
2018-08-01T11:29:12,269309
2018-08-04T04:51:15,34240
2018-08-04T05:00:43,32730
2018-08-04T05:07:13,32934
2018-08-02T18:24:07,158778
2018-08-02T18:33:01,161329
2018-08-04T05:35:37,35262
2018-08-02T11:19:05,187604
2018-08-04T05:39:20,33107
2018-08-04T05:49:34,32198
2018-08-03T13:32:40,92369
2018-08-04T06:02:19,35169
2018-08-01T10:58:09,273817
2018-08-04T06:12:03,32591
2018-08-02T00:55:08,225034
2018-08-04T06:13:19,33634
2018-08-02T09:26:23,194806
2018-08-04T06:25:19,32859
2018-08-04T06:26:39,35380
2018-08-02T15:16:04,172981
2018-08-03T14:30:18,89491
2018-08-04T06:55:32,31611
2018-08-02T19:51:15,157888
2018-08-04T07:35:30,29870
2018-08-03T03:20:57,130504
2018-08-04T07:42:49,29055
2018-08-04T07:53:45,29226
2018-08-03T22:38:16,61979
2018-08-02T20:40:20,156728
2018-08-04T08:08:51,27845
2018-08-02T10:02:09,196305
2018-08-04T08:21:14,28606
2018-08-04T08:22:02,29199
2018-08-04T08:30:13,28653
2018-08-03T23:02:11,62510
2018-08-02T12:46:06,185429
2018-08-04T08:46:24,26495
2018-08-04T08:54:55,28584
2018-08-04T09:00:26,27495
2018-08-04T09:03:45,29209
2018-08-04T09:03:53,31346
2018-08-02T16:21:35,175162
2018-08-01T15:08:35,265111
2018-08-02T12:54:54,187896
2018-08-04T09:21:28,27814
2018-08-03T16:18:10,89431
2018-08-04T09:35:01,31262
2018-08-02T21:09:57,159432
2018-08-01T20:07:48,249354
2018-08-02T21:13:53,161491
2018-08-04T10:06:22,26675
2018-08-04T00:33:03,61649
2018-08-02T13:08:43,188701
2018-08-04T00:39:35,64037
2018-08-04T10:23:10,26899
2018-08-04T10:24:21,26271
2018-08-04T10:25:01,32206
2018-08-04T10:43:53,27790
2018-08-04T10:57:46,28724
2018-08-02T21:32:20,162690
2018-08-04T11:07:53,26519
2018-08-01T17:55:52,261012
2018-08-04T11:08:46,29038
2018-08-04T11:11:33,26428
2018-08-04T11:21:13,28457
2018-08-03T11:31:44,113352
2018-08-04T11:29:38,26229
2018-08-04T11:31:10,28820
2018-08-04T11:32:46,27493
2018-08-04T11:35:27,26749
2018-08-04T11:37:15,27449
2018-08-04T11:37:43,26759
2018-08-04T11:38,27133
2018-08-01T20:31:46,255812
2018-08-04T11:41:02,27975
2018-08-04T11:41:19,25934
2018-08-04T11:41:28,27599
2018-08-04T11:42:20,29203
2018-08-04T11:42:52,29285
2018-08-03T17:45:41,93735
2018-08-03T06:50:31,138617
2018-08-04T11:55:09,31347
2018-08-04T02:29:36,61556
2018-08-02T22:25:02,164234
2018-08-02T13:29:02,197138
2018-08-04T02:46:19,71916
2018-08-03T18:09:23,94842
2018-08-04T02:56:03,62041
2018-08-04T02:59:41,61974
2018-08-04T12:36:53,28213
2018-08-04T03:05:38,62089
2018-08-04T20:01:24,878
2018-08-03T18:14:15,94371
2018-08-04T12:43:22,27610
2018-08-02T13:29:10,197824
2018-08-04T12:46:08,27035
2018-08-04T12:46:37,27673
2018-08-04T12:46:42,27208
2018-08-02T13:31:20,197914
2018-08-01T12:36:31,287847
2018-08-02T10:47:59,208418
2018-08-02T08:43:16,215900
2018-08-04T13:51:35,26611
2018-08-01T11:29:12,293344
2018-08-04T13:57:53,25856
2018-08-04T13:58:23,25728
2018-08-04T14:07:15,25975
2018-08-04T14:07:59,27427
2018-08-04T14:18:16,28579
2018-08-02T18:33:01,187263
2018-08-04T14:23:50,25973
2018-08-04T14:37:47,26662
2018-08-03T13:32:40,116850
2018-08-01T10:58:09,298957
2018-08-04T14:51:39,27169
2018-08-04T14:51:43,28555
2018-08-04T06:12:03,57545
2018-08-04T14:58:36,27742
2018-08-02T00:55:08,256924
2018-08-02T09:26:23,220952
2018-08-04T15:05:21,28195
2018-08-02T15:16:04,199621
2018-08-03T14:30:18,116581
2018-08-04T15:16:21,29335
2018-08-04T15:20:15,29570
2018-08-04T15:22:07,30305
2018-08-02T19:51:15,186263
2018-08-04T15:26:23,32595
2018-08-03T03:20:57,159791
2018-08-02T20:40:20,184015
2018-08-04T15:41:30,31397
2018-08-04T15:48:30,29490
2018-08-02T10:02:09,223662
2018-08-02T12:46:06,213487
2018-08-04T16:05:28,30694
2018-08-04T16:10:28,28297
2018-08-04T16:14:10,30294
2018-08-04T16:25:59,34632
2018-08-04T16:26:31,34358
2018-08-02T16:21:35,206130
2018-08-01T15:08:35,295028
2018-08-02T12:54:54,218116
2018-08-03T16:18:10,118571
2018-08-04T16:37:42,33263
2018-08-04T16:39:56,31273
2018-08-04T16:42:45,31427
2018-08-04T16:46:57,31281
2018-08-04T16:57:28,32994
2018-08-02T21:09:57,189264
2018-08-01T20:07:48,279706
2018-08-04T17:03:58,31921
2018-08-02T21:13:53,191488
2018-08-04T00:33:03,93887
2018-08-02T13:08:43,220261
2018-08-04T00:39:35,96547
2018-08-04T17:21:45,34571
2018-08-04T17:21:49,34330
2018-08-04T17:34:04,36285
2018-08-04T17:47:13,33269
2018-08-02T21:32:20,192630
2018-08-01T17:55:52,292859
2018-08-04T18:08:22,33117
2018-08-04T18:15:46,33335
2018-08-04T18:16:23,36756
2018-08-03T11:31:44,144535
2018-08-04T18:19:50,33358
2018-08-01T20:31:46,287284
2018-08-04T18:51:37,33120
2018-08-04T11:42:20,59285
2018-08-04T19:06:21,31945
2018-08-04T19:08:18,34361
2018-08-03T17:45:41,125870
2018-08-03T06:50:31,170402
2018-08-04T19:22:20,34465
2018-08-04T11:55:09,62961
2018-08-04T02:29:36,96028
2018-08-04T19:28:59,36228
2018-08-02T22:25:02,197443
2018-08-02T13:29:02,231373
2018-08-04T02:46:19,106720
2018-08-04T19:48:40,36894
2018-08-04T19:48:57,35982
2018-08-03T18:09:23,129705
2018-08-04T02:56:03,97412
2018-08-04T02:59:41,100528
2018-08-04T03:05:38,97077
2018-08-02T17:31:38,217196
2018-08-03T12:34:44,150791
2018-08-04T13:03:24,65521
2018-08-04T20:03:20,38974
2018-08-04T13:25:42,62306
2018-08-02T14:08:53,232369
2018-08-04T20:27:49,39655
2018-08-04T20:30:28,39814
2018-08-02T08:43:16,256695
2018-08-04T20:37:23,38895
2018-08-04T20:40:47,48031
2018-08-04T20:45:37,40931
2018-08-04T20:46:22,39560
2018-08-01T11:29:12,332238
2018-08-04T20:52:44,44043
2018-08-04T20:53:28,40732
2018-08-04T14:07:15,65181
2018-08-04T20:58:20,40504
2018-08-02T18:24:07,222322
2018-08-04T21:06:54,40516
2018-08-04T21:07:09,42499
2018-08-04T21:09,43229
2018-08-04T21:11:52,43161
2018-08-02T18:33:01,229650
2018-08-04T21:23:34,41413
2018-08-04T21:39:18,40346
2018-08-04T21:45:19,38586
2018-08-04T14:51:39,64197
2018-08-04T21:59:27,38806
2018-08-04T22:03:27,39236
2018-08-04T14:58:36,65039
2018-08-02T00:55:08,290692
2018-08-02T09:26:23,258751
2018-08-02T15:16:04,237925
2018-08-03T14:30:18,153735
2018-08-04T22:53:33,38780
2018-08-04T22:56:48,39228
2018-08-04T22:57:44,38969
2018-08-04T23:03:13,39446
2018-08-02T19:51:15,222374
2018-08-04T23:16:43,38135
2018-08-03T03:20:57,196644
2018-08-02T20:40:20,221815
2018-08-04T23:34:28,37824
2018-08-04T23:36:01,38870
2018-08-04T15:41:30,67858
2018-08-02T10:02:09,259840
2018-08-05T00:08:58,39096
2018-08-04T16:14:10,65199
2018-08-05T00:12:55,36939
2018-08-05T00:13:18,36914
2018-08-05T00:14:51,36790
2018-08-05T00:19:48,38896
2018-08-05T00:19:56,39733
2018-08-05T00:26:48,37361
2018-08-05T00:27:11,36468
2018-08-05T00:37:23,37345
2018-08-05T00:38:18,36584
2018-08-05T00:38:58,37130
2018-08-05T00:43:57,38648
2018-08-05T00:47:06,37564
2018-08-05T00:47:17,38588
2018-08-05T00:51:08,38000
2018-08-01T15:08:35,331819
2018-08-02T12:54:54,256146
2018-08-05T00:56:38,38255
2018-08-03T16:18:10,156415
2018-08-05T01:07:06,39309
2018-08-05T01:11:26,38831
2018-08-05T01:13:01,36669
2018-08-05T01:18:54,36988
2018-08-05T01:24:04,36868
2018-08-05T01:24:05,37783
2018-08-02T21:09:57,225521
2018-08-05T01:35:37,36988
2018-08-01T20:07:48,316174
2018-08-05T01:36:10,41014
2018-08-02T21:13:53,227384
2018-08-05T01:58:05,37440
2018-08-05T02:00:48,37532
2018-08-04T00:33:03,129162
2018-08-02T13:08:43,256215
2018-08-04T00:39:35,131158
2018-08-05T02:27:04,35152
2018-08-05T02:27:41,35710
2018-08-05T02:29:17,36918
2018-08-04T17:47:13,68614
2018-08-05T02:39:19,37674
2018-08-05T02:43:41,38982
2018-08-02T21:32:20,229628
2018-08-01T17:55:52,328637
2018-08-05T02:54:43,36486
2018-08-05T03:04:29,38275
2018-08-04T18:15:46,69375
2018-08-03T11:31:44,181528
2018-08-05T03:12:54,36074
2018-08-05T03:28:04,38246
2018-08-01T20:31:46,323002
2018-08-04T11:42:20,94557
2018-08-05T03:30:30,37907
2018-08-05T03:31:57,38520
2018-08-05T03:32:12,37104
2018-08-05T03:32:24,39718
2018-08-05T03:47:02,37786
2018-08-05T03:50:42,36292
2018-08-05T03:51:38,37719
2018-08-04T19:08:18,69987
2018-08-03T17:45:41,160425
2018-08-05T04:06:29,36564
2018-08-03T06:50:31,204722
2018-08-05T04:16:02,36906
2018-08-05T04:18:10,35957
2018-08-05T04:26:30,36971
2018-08-05T04:27:06,36617
2018-08-05T04:29:47,37235
2018-08-04T11:55:09,97316
2018-08-05T04:34:34,37945
2018-08-05T04:46:33,36924
2018-08-04T02:29:36,131568
2018-08-04T19:28:59,70601
2018-08-02T22:25:02,232537
2018-08-05T05:00:29,36531
2018-08-05T05:02,39315
2018-08-02T13:29:02,266335
2018-08-04T02:46:19,142382
2018-08-04T19:48:40,72182
2018-08-03T18:09:23,163971
2018-08-05T05:22:22,36072
2018-08-05T05:24:29,36466
2018-08-04T02:56:03,132540
2018-08-04T02:59:41,135428
2018-08-04T03:05:38,131911
2018-08-05T05:43:57,36779
2018-08-02T17:31:38,254591
2018-08-05T05:59:48,37380
2018-08-03T12:34:44,185580
2018-08-05T06:14:51,35750
2018-08-02T14:08:53,266890
2018-08-05T06:23:12,41620
2018-08-05T06:43:15,35799
2018-08-02T08:43:16,289157
2018-08-04T20:37:23,71888
2018-08-05T07:05:08,34318
2018-08-04T20:40:47,74034
2018-08-04T20:45:37,75591
2018-08-05T07:32:56,33315
2018-08-01T11:29:12,365602
2018-08-05T07:39:07,36088
2018-08-05T07:56:57,33920
2018-08-04T21:28:21,71848
2018-08-04T21:28:48,71337
2018-08-02T11:19:05,281952
2018-08-04T21:31:08,73360
2018-08-03T13:32:40,187242
2018-08-01T10:58:09,368630
2018-08-05T08:10:42,34571
2018-08-04T21:50:36,72255
2018-08-05T08:17:59,36474
2018-08-05T08:25:12,33897
2018-08-05T08:27:19,36988
2018-08-04T14:51:39,97417
2018-08-05T08:33:16,35143
2018-08-04T06:12:03,129814
2018-08-05T08:42:41,36047
2018-08-05T08:49:09,35177
2018-08-04T14:58:36,97571
2018-08-02T00:55:08,323435
2018-08-02T09:26:23,291114
2018-08-05T08:56:44,34315
2018-08-02T15:16:04,271091
2018-08-03T14:30:18,187579
2018-08-05T09:02:28,37333
2018-08-04T22:50:30,71151
2018-08-04T22:53:33,71685
2018-08-05T09:17:23,35270
2018-08-05T09:18:22,33753
2018-08-05T09:19:52,33820
2018-08-02T19:51:15,255474
2018-08-03T03:20:57,230166
2018-08-05T09:28:25,34749
2018-08-05T09:37:21,35535
2018-08-02T20:40:20,254551
2018-08-04T15:41:30,101598
2018-08-02T10:02:09,292852
2018-08-04T15:57:12,104453
2018-08-02T12:46:06,283493
2018-08-05T00:08:58,72260
2018-08-04T16:14:10,99574
2018-08-05T10:03:55,35721
2018-08-05T00:14:51,70195
2018-08-05T10:11:31,35664
2018-08-05T10:14:19,35779
2018-08-05T10:25:52,35784
2018-08-05T10:35:40,36041
2018-08-05T10:46:17,34002
2018-08-05T10:47:28,35205
2018-08-02T16:21:35,274167
2018-08-01T15:08:35,363677
2018-08-05T10:55:35,34019
2018-08-05T11:03:53,33492
2018-08-02T12:54:54,288338
2018-08-03T16:18:10,190490
2018-08-02T21:09:57,260782
2018-08-05T01:35:37,71275
2018-08-01T20:07:48,348216
2018-08-05T11:33:05,37031
2018-08-02T21:13:53,260462
2018-08-05T11:53:41,35139
2018-08-05T02:00:48,71070
2018-08-04T00:33:03,164308
2018-08-02T13:08:43,290744
2018-08-05T12:24:07,34749
2018-08-04T17:47:13,102144
2018-08-05T02:39:19,71231
2018-08-05T12:43:22,35606
2018-08-02T21:32:20,263283
2018-08-05T12:47:32,35365
2018-08-01T17:55:52,362536
2018-08-04T18:15:46,103526
2018-08-03T11:31:44,214707
2018-08-05T13:07:52,33899
2018-08-01T20:31:46,355508
2018-08-05T13:18:08,36072
2018-08-04T11:42:20,130636
2018-08-05T13:18:53,35683
2018-08-05T13:23:03,37075
2018-08-05T13:26:33,35910
2018-08-05T13:31:11,37056
2018-08-05T13:41:15,34761
2018-08-04T19:08:18,102780
2018-08-03T17:45:41,195216
2018-08-03T06:50:31,240222
2018-08-05T14:01:40,37242
2018-08-05T14:05:39,38864
2018-08-05T14:05:50,38538
2018-08-05T14:23:55,37591
2018-08-05T14:28:24,36741
2018-08-04T11:55:09,133579
2018-08-05T14:33:06,38224
2018-08-05T14:36:32,37424
2018-08-05T14:40:14,41023
2018-08-04T02:29:36,168313
2018-08-04T19:28:59,107343
2018-08-05T14:44:03,39130
2018-08-05T14:44:30,37697
2018-08-02T22:25:02,270135
2018-08-05T14:47:13,42724
2018-08-05T14:50:42,39816
2018-08-05T14:51:24,41014
2018-08-05T05:02,79176
2018-08-02T13:29:02,304274
2018-08-04T02:46:19,181010
2018-08-05T14:58:53,42490
2018-08-04T19:48:40,111715
2018-08-03T18:09:23,206489
2018-08-05T15:04:08,41464
2018-08-05T15:07:05,40992
2018-08-05T15:09:47,42353
2018-08-05T15:11:17,41602
2018-08-04T02:56:03,171942
2018-08-05T15:15:11,42375
2018-08-04T02:59:41,173254
2018-08-04T03:05:38,173216
2018-08-05T15:32:36,42966
2018-08-05T15:33:16,42740
2018-08-02T17:31:38,295069
2018-08-03T12:34:44,228207
2018-08-05T15:46:28,42955
2018-08-02T14:08:53,309731
2018-08-02T08:43:16,331304
2018-08-05T16:03:03,44199
2018-08-04T20:37:23,114312
2018-08-05T16:07:57,45133
2018-08-05T16:12:03,45440
2018-08-05T16:18:34,44708
2018-08-04T20:40:47,118460
2018-08-05T16:21:46,48192
2018-08-05T16:25:47,44507
2018-08-04T20:45:37,117729
2018-08-05T07:32:56,77604
2018-08-05T16:28:33,46303
2018-08-05T16:31:35,47323
2018-08-01T11:29:12,410467
2018-08-05T16:38:18,45707
2018-08-02T11:19:05,327294
2018-08-05T16:55:16,46232
2018-08-05T16:58:46,46046
2018-08-05T17:01:46,46076
2018-08-03T13:32:40,231692
2018-08-01T10:58:09,414491
2018-08-05T08:10:42,79246
2018-08-05T17:16:29,49134
2018-08-05T17:20:38,47367
2018-08-05T08:17:59,81912
2018-08-05T17:33:38,48842
2018-08-04T14:51:39,143006
2018-08-05T17:47:22,46564
2018-08-05T17:47:51,48283
2018-08-05T17:47:57,46884
2018-08-04T06:12:03,175798
2018-08-04T14:58:36,144427
2018-08-02T00:55:08,368730
2018-08-02T09:26:23,337537
2018-08-05T18:06:01,48343
2018-08-05T18:07:22,48705
2018-08-02T15:16:04,318682
2018-08-03T14:30:18,234642
2018-08-05T18:10:58,48852
2018-08-05T18:14:11,49800
2018-08-04T22:53:33,120902
2018-08-05T09:17:23,83958
2018-08-05T18:20:26,53090
2018-08-05T18:26:13,52050
2018-08-05T19:23:18,46832
2018-08-05T18:29:22,49420
2018-08-02T19:51:15,303761
2018-08-03T03:20:57,276798
2018-08-05T09:28:25,81698
2018-08-02T20:40:20,302211
2018-08-05T19:04:31,51142
2018-08-05T19:11:29,50668
2018-08-04T15:41:30,146499
2018-08-05T19:13:50,49718
2018-08-02T10:02:09,342905
2018-08-04T16:14:10,146500
2018-08-05T19:34:04,49522
2018-08-05T19:34:37,49808
2018-08-05T19:38:03,48806
2018-08-05T19:38:20,48487
2018-08-05T19:39:41,52368
2018-08-05T19:45:53,48368
2018-08-05T19:51:14,49581
2018-08-05T19:53:29,50450
2018-08-03T16:18:10,235940
2018-08-05T11:25:36,80987
2018-08-05T01:24:05,116081
2018-08-05T20:03:32,49673
2018-08-05T20:18:52,49411
2018-08-05T20:24:59,48729
2018-08-02T21:09:57,306263
2018-08-05T01:35:37,117924
2018-08-02T21:13:53,310156
2018-08-05T20:51:23,49330
2018-08-05T20:57:11,49337
2018-08-05T21:04:31,51324
2018-08-05T11:53:41,81695
2018-08-05T21:12:03,50095
2018-08-05T21:16:49,48483
2018-08-05T02:00:48,118771
2018-08-05T21:19:03,51724
2018-08-05T21:25:13,48363
2018-08-05T21:32:20,47773
2018-08-05T21:33:43,47683
2018-08-04T00:33:03,211669
2018-08-04T00:39:35,213546
2018-08-05T02:27:04,118123
2018-08-05T21:43,50515
2018-08-05T12:38:14,82679
2018-08-05T12:39:31,82382
2018-08-05T02:39:19,119859
2018-08-05T22:01:23,49273
2018-08-05T22:02:12,49718
2018-08-05T22:03:59,51060
2018-08-02T21:32:20,311800
2018-08-05T22:11:35,50244
2018-08-01T17:55:52,410679
2018-08-03T11:31:44,264001
2018-08-05T22:27:30,48969
2018-08-05T22:37:39,55204
2018-08-01T20:31:46,402878
2018-08-05T22:45:29,49813
2018-08-04T11:42:20,177363
2018-08-05T22:56:25,48897
2018-08-05T23:00:24,48207
2018-08-05T23:02:34,54815
2018-08-05T23:04:37,48379
2018-08-05T23:05:42,48674
2018-08-05T23:14:46,50695
2018-08-05T23:17:10,48799
2018-08-05T23:18:13,48518
2018-08-05T23:23:19,49686
2018-08-04T19:08:18,150648
2018-08-05T23:27:30,50055
2018-08-03T17:45:41,243881
2018-08-03T06:50:31,288147
2018-08-05T23:51:54,49423
2018-08-05T23:56:33,49612
2018-08-05T14:05:39,86266
2018-08-05T14:05:50,87009
2018-08-06T00:15:53,49033
2018-08-06T00:18:24,50095
2018-08-06T00:22:52,49346
2018-08-06T00:33:12,48603
2018-08-04T11:55:09,181025
2018-08-06T00:34:01,49554
2018-08-05T14:36:32,84718
2018-08-04T02:29:36,215782
2018-08-06T00:53:16,49364
2018-08-04T19:28:59,153689
2018-08-06T00:58:21,49227
2018-08-06T01:00:33,52995
2018-08-02T22:25:02,318963
2018-08-05T14:47:13,90312
2018-08-06T01:36:18,47670
2018-08-06T01:36:25,47894
2018-08-06T01:36:30,47308
2018-08-06T01:38:20,47367
2018-08-05T05:02,124682
2018-08-02T13:29:02,352460
2018-08-04T02:46:19,226817
2018-08-05T14:57:43,90897
2018-08-06T01:46:48,48472
2018-08-06T01:57:44,48255
2018-08-06T02:03:57,47270
2018-08-06T02:06:10,48074
2018-08-06T02:11:01,49024
2018-08-04T19:48:40,160224
2018-08-03T18:09:23,253662
2018-08-04T02:56:03,219126
2018-08-05T15:15:11,88774
2018-08-04T02:59:41,219339
2018-08-06T02:36:21,47162
2018-08-06T02:41:30,49209
2018-08-04T03:05:38,218726
2018-08-06T03:02:11,48805
2018-08-02T17:31:38,341651
2018-08-03T12:34:44,273912
2018-08-02T14:08:53,354988
2018-08-02T08:43:16,376729
2018-08-06T03:44:51,46054
2018-08-06T03:49:02,46615
2018-08-06T03:55:49,45695
2018-08-04T20:37:23,159034
2018-08-06T04:14:49,45911
2018-08-06T04:19:40,45233
2018-08-04T20:40:47,161472
2018-08-04T20:45:37,160205
2018-08-05T07:32:56,120967
2018-08-01T11:29:12,452855
2018-08-06T05:04:01,44404
2018-08-02T11:19:05,369907
2018-08-05T17:01:46,87186
2018-08-03T13:32:40,273999
2018-08-06T05:27:51,43425
2018-08-06T05:28:12,44768
2018-08-01T10:58:09,456647
2018-08-05T08:10:42,121327
2018-08-06T05:59:50,46154
2018-08-05T08:17:59,123434
2018-08-06T06:08:15,43024
2018-08-04T14:51:39,184695
2018-08-06T06:22:28,43203
2018-08-05T17:47:57,87820
2018-08-04T06:12:03,215107
2018-08-04T14:58:36,183884
2018-08-02T00:55:08,409701
2018-08-06T06:49:11,41995
2018-08-06T06:51:44,42065
2018-08-02T09:26:23,379182
2018-08-06T07:06:50,40834
2018-08-06T07:24:52,40973
2018-08-02T15:16:04,358495
2018-08-03T14:30:18,274744
2018-08-05T18:10:58,88716
2018-08-04T22:53:33,159234
2018-08-05T09:17:23,124143
2018-08-06T07:56:22,40683
2018-08-06T07:57,41416
2018-08-05T18:20:26,95353
2018-08-02T10:02:09,382658
2018-08-05T19:16:28,86814
2018-08-02T12:46:06,369949
2018-08-05T19:19:50,87190
2018-08-05T00:08:58,159271
2018-08-06T08:10:20,41671
2018-08-06T08:21:50,43130
2018-08-05T19:28:04,87804
2018-08-05T00:14:51,158095
2018-08-06T08:24:53,43157
2018-08-06T08:25:56,42103
2018-08-06T08:27:30,42134
2018-08-06T08:35:21,46854
2018-08-06T08:38:35,41620
2018-08-06T08:42:37,42036
2018-08-06T08:45:11,40399
2018-08-06T20:01:24,814
2018-08-06T08:50:58,40948
2018-08-06T08:52:50,40843
2018-08-06T08:53:12,40950
2018-08-05T19:39:41,90231
2018-08-05T19:45:53,89927
2018-08-05T19:51:14,87681
2018-08-06T09:19:25,42375
2018-08-06T09:19:35,42323
2018-08-06T09:20:47,42229
2018-08-03T16:18:10,280045
2018-08-06T09:39:32,42331
2018-08-06T09:44:27,42505
2018-08-02T21:09:57,346210
2018-08-05T20:28:48,89566
2018-08-05T01:35:37,159580
2018-08-01T20:07:48,438054
2018-08-06T10:03:57,41722
2018-08-06T10:06:17,42014
2018-08-05T20:57:11,90196
2018-08-05T11:53:41,123151
2018-08-06T10:15:34,41556
2018-08-06T10:17:15,44085
2018-08-06T10:19:54,42430
2018-08-06T10:24:38,42364
2018-08-05T02:00:48,160444
2018-08-06T10:31:53,42996
2018-08-06T10:34:12,44185
2018-08-06T10:41:51,47718
2018-08-04T00:33:03,253251
2018-08-04T00:39:35,255358
2018-08-06T10:56:44,43954
2018-08-06T10:57:53,43414
2018-08-05T02:27:04,159772
2018-08-06T11:06:37,43168
2018-08-06T11:07:45,46061
2018-08-06T11:08:59,43219
2018-08-06T11:11:43,44151
2018-08-06T11:12:46,45378
2018-08-06T11:14:11,45295
2018-08-06T11:17:58,44758
2018-08-05T02:39:19,164349
2018-08-06T11:26:40,47137
2018-08-06T11:26:51,45593
2018-08-05T22:03:59,95322
2018-08-02T21:32:20,355266
2018-08-05T22:11:35,95153
2018-08-06T11:32:32,48078
2018-08-05T22:15:28,94447
2018-08-04T18:15:46,196119
2018-08-03T11:31:44,309819
2018-08-06T11:40:53,48122
2018-08-05T22:26:38,94521
2018-08-06T11:47:02,49953
2018-08-01T20:31:46,451231
2018-08-04T11:42:20,224188
2018-08-06T11:54:21,52483
2018-08-06T12:08:44,50966
2018-08-05T23:02:34,101875
2018-08-05T23:05:42,96906
2018-08-06T12:28:57,47055
2018-08-05T23:14:46,96575
2018-08-06T12:31:31,48267
2018-08-06T12:33:29,48438
2018-08-06T12:41:14,49888
2018-08-04T19:08:18,198319
2018-08-06T12:48:05,49946
2018-08-06T12:52:03,51422
2018-08-03T17:45:41,291647
2018-08-03T06:50:31,337691
2018-08-06T13:01:36,52086
2018-08-06T13:02:40,50978
2018-08-06T13:03:31,54167
2018-08-06T13:04:16,50359
2018-08-06T13:05:19,50699
2018-08-06T13:06:33,51326
2018-08-06T13:06:43,53486
2018-08-05T14:05:39,136208
2018-08-06T13:11:54,54642
2018-08-05T14:05:50,138452
2018-08-06T13:16:41,54413
2018-08-06T00:18:24,101858
2018-08-06T13:26:44,54043
2018-08-06T13:31:58,54227
2018-08-06T13:44:22,54302
2018-08-04T11:55:09,234832
2018-08-06T13:46:56,54276
2018-08-06T13:47:59,54359
2018-08-05T14:36:32,139040
2018-08-04T02:29:36,267954
2018-08-04T19:28:59,207005
2018-08-06T13:57:14,54966
2018-08-06T14:04:26,56057
2018-08-06T14:13:38,54760
2018-08-02T22:25:02,370872
2018-08-05T14:47:13,143335
2018-08-06T01:36:18,100776
2018-08-06T14:27:24,53649
2018-08-06T14:29:44,56134
2018-08-06T14:33:45,54625
2018-08-06T14:35:53,53908
2018-08-06T01:36:30,101157
2018-08-05T05:02,177423
2018-08-02T13:29:02,406809
2018-08-04T02:46:19,282360
2018-08-06T14:52:26,55849
2018-08-06T14:54:03,57948
2018-08-06T14:59:15,55934
2018-08-06T15:05:48,57295
2018-08-06T15:06:28,56177
2018-08-04T19:48:40,215333
2018-08-03T18:09:23,306935
2018-08-04T02:56:03,272975
2018-08-05T15:15:11,145015
2018-08-04T02:59:41,275090
2018-08-06T15:34:29,56134
2018-08-06T15:39:12,57052
2018-08-06T15:40:06,56332
2018-08-04T03:05:38,274703
2018-08-06T15:46:54,56866
2018-08-06T15:50:33,56670
2018-08-06T15:55:16,59576
2018-08-06T15:58:28,63292
2018-08-02T17:31:38,398278
2018-08-06T16:14:26,57551
2018-08-04T20:40:47,216034
2018-08-03T12:34:44,330416
2018-08-06T16:17:25,57778
2018-08-02T14:08:53,411370
2018-08-02T08:43:16,433150
2018-08-06T16:20:21,58159
2018-08-06T16:23:25,59220
2018-08-04T20:37:23,228998
2018-08-04T20:45:37,215008
2018-08-05T07:32:56,177604
2018-08-02T11:19:05,426029
2018-08-05T17:01:46,143392
2018-08-06T17:09:23,55998
2018-08-06T17:19:09,57453
2018-08-01T10:58:09,513010
2018-08-06T17:25:56,61752
2018-08-05T08:10:42,176499
2018-08-06T17:29:33,57734
2018-08-06T17:34:24,56804
2018-08-05T08:17:59,178341
2018-08-04T14:51:39,240450
2018-08-05T17:47:57,142841
2018-08-04T06:12:03,271789
2018-08-04T14:58:36,239318
2018-08-02T00:55:08,465391
2018-08-06T18:07:39,58369
2018-08-02T09:26:23,434368
2018-08-06T18:13:03,57372
2018-08-06T18:18:53,58217
2018-08-02T15:16:04,415337
2018-08-03T14:30:18,330890
2018-08-06T18:34:12,57314
2018-08-05T18:10:58,145012
2018-08-06T18:44:34,58490
2018-08-04T22:53:33,215607
2018-08-05T09:17:23,179661
2018-08-06T18:59:11,58929
2018-08-06T19:00:08,57919
2018-08-05T18:20:26,149018
2018-08-02T10:02:09,437095
2018-08-02T12:46:06,426364
2018-08-05T00:08:58,214494
2018-08-06T19:31:35,57101
2018-08-06T19:35:20,56749
2018-08-05T00:14:51,213085
2018-08-06T19:43:26,58581
2018-08-06T19:47:53,57881
2018-08-06T19:48:48,56634
2018-08-06T19:51:46,59619
2018-08-06T19:56:56,56055
2018-08-05T19:51:14,145079
2018-08-06T09:06:35,97093
2018-08-06T09:07:53,97094
2018-08-06T20:12:36,57364
2018-08-06T20:27:39,55887
2018-08-06T20:44:52,58593
2018-08-05T01:24:05,212273
2018-08-06T20:57:09,55779
2018-08-02T21:09:57,400371
2018-08-05T01:35:37,212773
2018-08-06T21:15:59,54970
2018-08-06T21:19:48,56174
2018-08-06T21:21:34,55276
2018-08-05T20:41:55,144402
2018-08-02T21:13:53,405335
2018-08-06T21:29:39,55426
2018-08-05T20:57:11,144092
2018-08-06T21:34:29,61050
2018-08-05T11:53:41,176566
2018-08-06T21:42:08,57120
2018-08-06T21:50:37,57484
2018-08-06T21:59:19,54548
2018-08-05T02:00:48,213280
2018-08-06T22:05:57,55695
2018-08-06T22:19:59,54798
2018-08-06T22:23:37,54911
2018-08-06T22:24:32,55311
2018-08-04T00:33:03,306521
2018-08-04T00:39:35,308303
2018-08-06T22:35:37,57576
2018-08-05T02:27:04,213095
2018-08-06T22:46:08,54938
2018-08-06T23:07:19,54583
2018-08-06T23:09:02,54822
2018-08-06T23:12:45,55731
2018-08-06T23:16:52,55431
2018-08-06T23:17:31,53436
2018-08-06T23:26:13,55246
2018-08-06T23:31:25,53776
2018-08-05T02:39:19,216273
2018-08-06T11:26:47,97969
2018-08-05T22:03:59,146566
2018-08-06T23:55:36,52582
2018-08-02T21:32:20,406621
2018-08-05T22:11:35,145374
2018-08-04T18:15:46,246446
2018-08-03T11:31:44,359410
2018-08-01T20:31:46,499396
2018-08-04T11:42:20,273225
2018-08-05T23:02:34,150285
2018-08-05T23:05:42,143835
2018-08-05T23:14:46,145275
2018-08-04T19:08:18,245252
2018-08-03T17:45:41,337426
2018-08-03T06:50:31,382909
2018-08-06T13:02:40,95193
2018-08-05T14:05:39,178691
2018-08-05T14:05:50,180383
2018-08-06T00:18:24,141749
2018-08-04T11:55:09,274004
2018-08-05T14:36:32,178002
2018-08-04T02:29:36,309123
2018-08-04T19:28:59,248812
2018-08-02T22:25:02,410106
2018-08-05T14:47:13,180699
2018-08-06T01:36:18,140151
2018-08-06T14:33:45,92547
2018-08-06T14:35:53,93131
2018-08-06T01:36:30,139120
2018-08-05T05:02,216872
2018-08-02T13:29:02,448899
2018-08-04T02:46:19,320528
2018-08-06T14:54:03,95573
2018-08-04T19:48:40,251584
2018-08-03T18:09:23,342022
2018-08-04T02:56:03,310920
2018-08-05T15:15:11,180405
2018-08-04T02:59:41,311311
2018-08-04T03:05:38,309469
2018-08-06T16:39:59,88965
2018-08-04T20:45:37,250219
2018-08-06T16:42:12,89266
2018-08-06T16:45:12,90220
2018-08-01T11:29:12,539702
2018-08-06T16:58:58,88887
2018-08-02T11:19:05,458097
2018-08-05T17:01:46,175185
2018-08-03T13:32:40,361206
2018-08-06T17:19:09,90459
2018-08-01T10:58:09,545090
2018-08-06T17:25:56,91796
2018-08-05T08:10:42,208619
2018-08-05T08:17:59,212123
2018-08-04T14:51:39,271318
2018-08-05T17:47:57,176407
2018-08-04T06:12:03,303557
2018-08-06T17:49:47,92658
2018-08-06T17:52:20,90104
2018-08-02T00:55:08,497973
2018-08-02T09:26:23,466041
2018-08-02T15:16:04,444972
2018-08-03T14:30:18,361861
2018-08-06T18:34:12,88281
2018-08-05T18:10:58,176032
2018-08-04T22:53:33,247051
2018-08-06T18:51:21,89448
2018-08-06T18:59:09,87349
2018-08-05T18:20:26,180243
2018-08-02T10:02:09,466223
2018-08-02T12:46:06,455896
2018-08-05T00:08:58,244600
2018-08-05T00:14:51,243653
2018-08-06T19:51:46,90528
2018-08-05T19:51:14,174753
2018-08-06T09:06:35,125913
2018-08-05T01:24:05,240477
2018-08-02T21:09:57,428432
2018-08-05T01:35:37,240180
2018-08-06T21:19:48,81555
2018-08-02T21:13:53,428953
2018-08-05T20:57:11,170624
2018-08-05T11:53:41,202815
2018-08-06T21:50:37,83033
2018-08-05T02:00:48,239483
2018-08-06T22:05:57,81142
2018-08-04T00:33:03,332011
2018-08-04T00:39:35,330904
2018-08-05T02:27:04,237651
2018-08-05T02:39:19,237598
2018-08-02T21:32:20,430084
2018-08-05T22:11:35,169595
2018-08-01T20:31:46,523416
2018-08-04T11:42:20,296903
2018-08-05T23:02:34,173536
2018-08-05T23:14:46,167291
2018-08-04T19:08:18,271348
2018-08-03T17:45:41,359973
2018-08-03T06:50:31,406288
2018-08-06T13:02:40,119450
2018-08-05T14:05:39,205234
2018-08-06T00:18:24,169239
2018-08-04T11:55:09,299182
2018-08-05T14:36:32,202656
2018-08-04T02:29:36,333075
2018-08-05T14:47:13,206700
2018-08-06T01:36:18,167293
2018-08-06T14:33:45,121432
2018-08-06T14:35:53,120849
2018-08-06T01:36:30,166721
2018-08-05T05:02,244779
2018-08-02T13:29:02,471799
2018-08-04T02:46:19,345486
2018-08-03T18:09:23,368034
2018-08-04T02:56:03,336448
2018-08-04T03:05:38,335682
2018-08-04T20:45:37,274249
2018-08-01T11:29:12,567667
2018-08-06T16:58:58,114508
2018-08-02T11:19:05,482230
2018-08-05T17:01:46,202120
2018-08-03T13:32:40,386912
2018-08-06T17:19:09,115975
2018-08-01T10:58:09,570916
2018-08-06T17:25:56,120210
2018-08-05T08:10:42,235464
2018-08-05T08:17:59,239946
2018-08-04T14:51:39,298845
2018-08-05T17:47:57,203395
2018-08-04T06:12:03,331142
2018-08-02T00:55:08,524708
2018-08-02T09:26:23,492074
2018-08-02T15:16:04,472340
2018-08-03T14:30:18,389021
2018-08-06T18:34:12,115214
2018-08-05T18:10:58,204151
2018-08-04T22:53:33,274069
2018-08-05T18:20:26,208245
2018-08-02T10:02:09,498405
2018-08-02T12:46:06,483612
2018-08-05T00:08:58,273762
2018-08-05T00:14:51,270460
2018-08-06T19:51:46,117390
2018-08-05T19:51:14,202124
2018-08-06T09:06:35,154459
2018-08-05T01:24:05,267195
2018-08-02T21:09:57,457178
2018-08-05T01:35:37,269121
2018-08-06T21:19:48,115102
2018-08-02T21:13:53,459680
2018-08-05T20:57:11,200835
2018-08-05T11:53:41,234195
2018-08-05T02:27:04,270091
2018-08-05T22:03:59,198984
2018-08-02T21:32:20,458332
2018-08-05T22:11:35,198229
2018-08-04T18:15:46,298957
2018-08-03T11:31:44,410346
2018-08-01T20:31:46,551492
2018-08-04T11:42:20,326141
2018-08-05T23:05:42,197641
2018-08-05T23:14:46,197056
2018-08-04T19:08:18,297374
2018-08-03T17:45:41,390248
2018-08-03T06:50:31,435613
2018-08-06T13:02:40,150184
2018-08-05T14:05:50,234185
2018-08-04T11:55:09,328390
2018-08-05T14:36:32,233859
2018-08-04T02:29:36,361885
2018-08-04T19:28:59,300652
2018-08-02T22:25:02,464140
2018-08-05T14:47:13,234774
2018-08-06T01:36:18,194476
2018-08-06T14:33:45,148476
2018-08-06T14:35:53,147795
2018-08-02T13:29:02,500133
2018-08-04T02:46:19,373954
2018-08-06T14:54:03,150935
2018-08-04T19:48:40,304314
2018-08-03T18:09:23,401312
2018-08-05T15:15:11,233957
2018-08-04T02:59:41,364254
2018-08-04T03:05:38,364104
2018-08-04T20:45:37,301563
2018-08-01T11:29:12,595275
2018-08-06T16:58:58,143359
2018-08-01T10:58:09,595739
2018-08-02T00:55:08,547031
2018-08-02T09:26:23,515702
2018-08-02T10:02:09,513724
2018-08-05T19:51:14,221984
2018-08-02T21:09:57,474706
2018-08-05T01:35:37,286995
2018-08-06T21:19:48,131719
2018-08-02T21:13:53,478112
2018-08-05T11:53:41,251098
2018-08-02T21:32:20,475700
2018-08-05T22:11:35,213799
2018-08-04T18:15:46,314142
2018-08-03T11:31:44,430136
2018-08-01T20:31:46,567574
2018-08-05T23:14:46,212582
2018-08-04T19:08:18,312862
2018-08-03T17:45:41,405016
2018-08-03T06:50:31,451559
2018-08-06T13:02:40,162867
2018-08-05T14:05:50,247894
2018-08-06T00:18:24,210706
2018-08-04T11:55:09,341953
2018-08-05T14:36:32,246924
2018-08-02T22:25:02,477858
2018-08-05T14:47:13,249092
2018-08-06T01:36:18,207759
2018-08-06T14:33:45,160999
2018-08-05T05:02,289773
2018-08-06T14:54:03,161580
2018-08-05T15:15:11,245507
2018-08-04T02:59:41,375809
2018-08-04T03:05:38,377017
2018-08-06T16:58:58,155156
2018-08-02T11:19:05,521459
2018-08-05T17:01:46,240305
2018-08-06T17:19:09,154395
2018-08-04T14:51:39,335198
2018-08-06T17:25:56,154529
2018-08-05T08:10:42,274540
2018-08-05T08:17:59,275265
2018-08-04T06:12:03,367879
2018-08-02T15:16:04,508206
2018-08-03T14:30:18,423757
2018-08-05T18:10:58,238651
2018-08-04T22:53:33,308209
2018-08-05T18:20:26,242614
2018-08-05T00:14:51,304206
2018-08-06T19:51:46,149643
2018-08-05T01:24:05,299805
2018-08-06T09:06:35,187350
2018-08-06T21:19:48,143993
2018-08-02T21:13:53,490266
2018-08-05T20:57:11,232594
2018-08-02T21:32:20,490850
2018-08-05T02:27:04,296879
2018-08-05T22:03:59,228519
2018-08-05T22:11:35,228008
2018-08-04T18:15:46,327654
2018-08-03T11:31:44,440019
2018-08-04T11:42:20,354544
2018-08-05T23:05:42,225245
2018-08-05T23:14:46,227528
2018-08-04T19:08:18,326266
2018-08-03T06:50:31,462770
2018-08-06T13:02:40,177043
2018-08-05T14:05:50,264047
2018-08-06T00:18:24,224000
2018-08-04T11:55:09,356959
2018-08-05T14:36:32,258495
2018-08-04T02:29:36,387906
2018-08-04T19:28:59,328494
2018-08-05T14:47:13,259906
2018-08-06T01:36:18,220658
2018-08-06T01:36:30,219412
2018-08-02T13:29:02,522549
2018-08-04T02:46:19,398257
2018-08-04T19:48:40,328760
2018-08-03T18:09:23,422998
2018-08-04T03:05:38,389140
2018-08-06T16:58:58,167181
2018-08-02T11:19:05,535059
2018-08-05T17:01:46,253546
2018-08-03T13:32:40,437540
2018-08-06T17:19:09,166768
2018-08-04T14:51:39,348244
2018-08-06T17:25:56,167330
2018-08-05T08:10:42,287025
2018-08-05T17:47:57,253441
2018-08-04T06:12:03,380321
2018-08-02T15:16:04,521642
2018-08-03T14:30:18,438230
2018-08-06T18:34:12,167017
2018-08-05T18:10:58,252266
2018-08-02T12:46:06,531184
2018-08-04T22:53:33,323240
2018-08-05T18:20:26,256155
2018-08-05T00:14:51,318259
2018-08-06T19:51:46,161748
2018-08-05T01:24:05,314347
2018-08-02T21:09:57,503574
2018-08-05T01:35:37,314044
2018-08-06T21:19:48,157526
2018-08-02T21:13:53,504285
2018-08-05T20:57:11,245034
2018-08-02T21:32:20,501937
2018-08-05T02:27:04,315765
2018-08-05T22:03:59,243782
2018-08-05T22:11:35,243288
2018-08-04T18:15:46,343533
2018-08-03T11:31:44,458885
2018-08-04T11:42:20,369607
2018-08-05T23:05:42,239906
2018-08-05T23:14:46,240773
2018-08-03T17:45:41,432331
2018-08-03T06:50:31,477496
2018-08-06T13:02:40,191273
2018-08-05T14:05:50,276341
2018-08-06T00:18:24,238104
2018-08-04T11:55:09,370707
2018-08-05T14:36:32,275104
2018-08-04T02:29:36,403146
2018-08-04T19:28:59,343172
2018-08-05T14:47:13,277803
2018-08-06T01:36:18,234274
2018-08-06T01:36:30,233383
2018-08-02T13:29:02,538596
2018-08-04T02:46:19,412013
2018-08-04T19:48:40,344764
2018-08-05T15:15:11,274570
2018-08-04T02:59:41,404376
2018-08-04T03:05:38,404897
2018-08-06T16:58:58,182217
2018-08-02T11:19:05,550113
2018-08-05T17:01:46,267854
2018-08-03T13:32:40,452477
2018-08-06T17:19:09,181474
2018-08-04T14:51:39,363285
2018-08-06T17:25:56,182164
2018-08-05T08:10:42,301428
2018-08-05T17:47:57,268397
2018-08-04T06:12:03,395218
2018-08-02T15:16:04,536423
2018-08-03T14:30:18,452294
2018-08-06T18:34:12,178517
2018-08-05T18:10:58,266162
2018-08-02T12:46:06,545268
2018-08-06T21:19:48,169166
2018-08-04T22:53:33,336877
2018-08-05T18:20:26,269635
2018-08-02T21:13:53,519495
2018-08-05T22:03:59,256282
2018-08-04T18:15:46,355029
2018-08-03T11:31:44,468028
2018-08-05T23:14:46,254539
2018-08-03T06:50:31,491875
2018-08-06T13:02:40,204684
2018-08-04T11:55:09,382741
2018-08-05T14:36:32,288126
2018-08-04T19:28:59,357002
2018-08-05T14:47:13,289626
2018-08-06T01:36:18,249598
2018-08-06T01:36:30,247689
2018-08-02T13:29:02,550728
2018-08-04T19:48:40,355438
2018-08-05T15:15:11,288810
2018-08-04T02:59:41,421439
2018-08-02T11:19:05,563999
2018-08-05T17:01:46,282373
2018-08-03T13:32:40,467494
2018-08-06T17:19:09,196340
2018-08-04T14:51:39,377621
2018-08-06T17:25:56,198569
2018-08-05T08:10:42,316450
2018-08-05T17:47:57,280815
2018-08-04T06:12:03,410421
2018-08-02T15:16:04,550633
2018-08-03T14:30:18,466819
2018-08-06T18:34:12,193352
2018-08-05T18:10:58,280857
2018-08-05T00:14:51,346380
2018-08-06T19:51:46,190689
2018-08-05T01:24:05,342322
2018-08-02T21:09:57,531237
2018-08-05T01:35:37,343963
2018-08-05T20:57:11,274043
2018-08-02T21:32:20,530928
2018-08-05T02:27:04,340926
2018-08-05T22:11:35,272231
2018-08-04T18:15:46,372863
2018-08-03T11:31:44,485536
2018-08-04T11:42:20,398405
2018-08-05T23:05:42,270094
2018-08-03T17:45:41,462146
2018-08-03T06:50:31,503273
2018-08-06T13:02:40,220399
2018-08-05T14:05:50,305199
2018-08-06T00:18:24,267240
2018-08-04T11:55:09,399150
2018-08-05T14:36:32,302493
2018-08-04T02:29:36,436216
2018-08-04T19:28:59,373775
2018-08-05T14:47:13,306215
2018-08-06T01:36:18,265098
2018-08-06T01:36:30,265547
2018-08-04T02:46:19,445642
2018-08-04T19:48:40,376150
2018-08-05T15:15:11,305494
2018-08-04T03:05:38,434502
2018-08-06T16:58:58,211291
2018-08-02T11:19:05,580695
2018-08-05T17:01:46,298261
2018-08-03T13:32:40,484322
2018-08-06T17:19:09,211510
2018-08-04T14:51:39,394086
2018-08-06T17:25:56,215651
2018-08-05T08:10:42,333256
2018-08-05T17:47:57,299392
2018-08-04T06:12:03,427399
2018-08-02T15:16:04,566988
2018-08-03T14:30:18,484510
2018-08-06T18:34:12,210583
2018-08-05T18:10:58,298329
2018-08-05T00:14:51,363814
2018-08-06T19:51:46,208219
2018-08-05T01:24:05,361488
2018-08-02T21:09:57,549309
2018-08-05T01:35:37,360805
2018-08-05T20:57:11,291564
2018-08-02T21:32:20,549265
2018-08-05T02:27:04,360103
2018-08-05T22:11:35,288874
2018-08-04T18:15:46,389947
2018-08-03T11:31:44,501890
2018-08-04T11:42:20,415332
2018-08-05T23:05:42,287426
2018-08-03T17:45:41,479646
2018-08-03T06:50:31,520944
2018-08-06T13:02:40,237426
2018-08-05T14:05:50,322966
2018-08-06T00:18:24,285342
2018-08-04T11:55:09,419475
2018-08-05T14:36:32,320419
2018-08-04T02:29:36,451830
2018-08-04T19:28:59,391084
2018-08-05T14:47:13,322691
2018-08-06T01:36:18,283009
2018-08-06T01:36:30,282923
2018-08-04T02:46:19,453472
2018-08-04T19:48:40,392292
2018-08-05T17:47:57,311039
2018-08-04T06:12:03,439824
2018-08-05T15:15:11,322153
2018-08-04T03:05:38,451519
2018-08-06T16:58:58,229561
2018-08-02T11:19:05,599150
2018-08-02T15:16:04,584698
2018-08-03T14:30:18,499098
2018-08-06T18:34:12,225035
2018-08-05T18:10:58,313041
2018-08-05T00:14:51,378732
2018-08-02T21:09:57,562475
2018-08-05T01:35:37,375010
2018-08-02T21:32:20,561778
2018-08-05T02:27:04,371594
2018-08-05T22:11:35,302776
2018-08-04T18:15:46,402579
2018-08-03T11:31:44,514753
2018-08-03T17:45:41,494080
2018-08-05T14:05:50,334175
2018-08-06T00:18:24,296547
2018-08-04T11:55:09,430749
2018-08-04T02:29:36,461563
2018-08-04T19:28:59,400359
2018-08-05T14:47:13,334807
2018-08-06T01:36:18,293536
2018-08-02T11:19:05,605274
2018-08-04T14:51:39,418189
2018-08-06T17:25:56,238215
2018-08-05T08:10:42,356725
2018-08-02T15:16:04,590599
2018-08-03T14:30:18,508132
2018-08-06T18:34:12,234072
2018-08-05T18:10:58,322278
2018-08-05T01:24:05,382784
2018-08-02T21:09:57,571478
2018-08-05T01:35:37,383101
2018-08-05T20:57:11,312904
2018-08-02T21:32:20,575130
2018-08-05T02:27:04,380354
2018-08-04T18:15:46,409241
2018-08-03T11:31:44,522735
2018-08-04T11:42:20,436562
2018-08-05T23:05:42,306398
2018-08-03T06:50:31,544573
2018-08-06T13:02:40,258730
2018-08-05T14:05:50,342896
2018-08-06T00:18:24,305365
2018-08-05T14:36:32,338540
2018-08-04T02:29:36,469285
2018-08-04T19:28:59,409321
2018-08-05T14:47:13,341654
2018-08-02T11:19:05,612665
2018-08-05T17:01:46,331555
2018-08-03T13:32:40,516850
2018-08-06T17:19:09,243300
2018-08-04T14:51:39,426856
2018-08-06T17:25:56,246697
2018-08-05T08:10:42,364839
2018-08-02T15:16:04,598555
2018-08-03T14:30:18,516647
2018-08-06T18:34:12,242796
2018-08-05T18:10:58,330338
2018-08-05T01:24:05,390440
2018-08-02T21:09:57,578850
2018-08-05T01:35:37,390490
2018-08-05T20:57:11,321813
2018-08-05T22:11:35,318015
2018-08-04T18:15:46,418243
2018-08-03T11:31:44,530386
2018-08-04T11:42:20,444385
2018-08-05T23:05:42,314735
2018-08-03T06:50:31,552109
2018-08-06T13:02:40,264778
2018-08-05T14:05:50,349966
2018-08-05T14:36:32,346642
2018-08-04T02:29:36,476371
2018-08-04T19:28:59,416555
2018-08-05T14:47:13,351240
2018-08-02T11:19:05,621139
2018-08-05T17:01:46,339539
2018-08-03T13:32:40,525151
2018-08-06T17:19:09,251616
2018-08-06T17:25:56,259371
2018-08-05T08:10:42,372179
2018-08-02T15:16:04,607310
2018-08-03T14:30:18,523206
2018-08-06T19:51:46,249527
2018-08-05T01:24:05,398065
2018-08-02T21:09:57,588092
2018-08-05T01:35:37,398229
2018-08-02T21:32:20,585333
2018-08-05T22:11:35,324419
2018-08-04T18:15:46,426757
2018-08-03T11:31:44,537236
2018-08-04T11:42:20,451731
2018-08-05T23:05:42,321799
2018-08-03T06:50:31,560667
2018-08-06T13:02:40,273235
2018-08-05T14:05:50,359846
2018-08-05T14:36:32,355454
2018-08-04T02:29:36,485640
2018-08-04T19:28:59,423892
2018-08-05T14:47:13,357469
2018-08-02T11:19:05,627888
2018-08-03T13:32:40,534929
2018-08-04T14:51:39,441530
2018-08-06T17:25:56,261357
2018-08-05T08:10:42,380387
2018-08-02T15:16:04,612970
2018-08-03T14:30:18,530198
2018-08-06T18:34:12,256537
2018-08-05T18:10:58,345078
2018-08-06T19:51:46,255642
2018-08-05T01:24:05,405636
2018-08-02T21:32:20,592694
2018-08-05T22:11:35,331813
2018-08-04T18:15:46,434230
2018-08-03T11:31:44,544480
2018-08-04T11:42:20,459193
2018-08-05T23:05:42,329523
2018-08-03T06:50:31,567513
2018-08-06T13:02:40,280338
2018-08-05T14:05:50,364359
2018-08-05T14:36:32,361217
2018-08-04T02:29:36,492798
2018-08-04T19:28:59,431964
2018-08-05T14:47:13,365850
2018-08-02T11:19:05,634905
2018-08-05T17:01:46,353375
2018-08-03T13:32:40,539876
2018-08-04T14:51:39,450656
2018-08-06T17:25:56,269279
2018-08-05T08:10:42,386772
2018-08-02T15:16:04,619766
2018-08-03T14:30:18,537314
2018-08-06T18:34:12,264493
2018-08-05T18:10:58,352481
2018-08-06T19:51:46,262700
2018-08-05T01:35:37,414033
2018-08-02T21:09:57,602338
2018-08-03T11:31:44,551234
2018-08-02T21:32:20,600372
2018-08-05T22:11:35,342772
2018-08-06T13:02:40,288771
2018-08-05T14:05:50,372732
2018-08-05T14:36:32,368001
2018-08-04T19:28:59,438592
2018-08-05T17:01:46,361909
2018-08-03T13:32:40,547232
2018-08-04T14:51:39,457031
2018-08-02T15:16:04,628295
2018-08-03T14:30:18,546125
2018-08-06T18:34:12,271969
2018-08-06T19:51:46,272491
2018-08-05T01:35:37,421660
2018-08-05T22:11:35,347183
2018-08-04T11:42:20,474212
2018-08-03T06:50:31,582324
2018-08-04T02:29:36,505766
2018-08-05T14:47:13,378632
2018-08-02T11:19:05,650366
2018-08-05T17:01:46,367701
2018-08-04T14:51:39,464241
2018-08-06T17:25:56,284810
2018-08-05T08:10:42,401813
2018-08-02T15:16:04,637238
2018-08-03T14:30:18,552840
2018-08-06T19:51:46,276125
2018-08-05T01:35:37,430593
2018-08-02T21:09:57,617511
2018-08-05T22:11:35,355363
2018-08-03T06:50:31,589436
2018-08-05T14:47:13,385795
2018-08-02T11:19:05,656578
2018-08-05T17:01:46,374890
2018-08-05T08:10:42,409923
2018-08-02T15:16:04,643426
2018-08-03T14:30:18,559145
2018-08-05T18:10:58,373297
2018-08-06T19:51:46,284755
2018-08-05T01:35:37,435743
2018-08-02T21:09:57,624760
2018-08-05T22:11:35,363645
2018-08-04T18:15:46,462850
2018-08-03T06:50:31,596777
2018-08-04T02:29:36,520323
2018-08-05T14:47:13,391741
2018-08-04T14:51:39,477103
2018-08-06T17:25:56,298425
2018-08-05T08:10:42,416275
2018-08-02T15:16:04,650031
2018-08-03T14:30:18,566478
2018-08-05T18:10:58,381253
2018-08-02T21:09:57,630538
2018-08-05T22:11:35,369844
2018-08-03T06:50:31,603561
2018-08-04T02:29:36,527498
2018-08-02T11:19:05,671109
2018-08-04T14:51:39,484059
2018-08-06T17:25:56,304600
2018-08-05T08:10:42,423538
2018-08-02T15:16:04,655715
2018-08-03T14:30:18,573768
2018-08-05T18:10:58,388206
2018-08-06T19:51:46,296840
2018-08-05T01:35:37,450048
2018-08-02T21:09:57,638400
2018-08-05T22:11:35,376352
2018-08-04T18:15:46,476627
2018-08-04T02:29:36,534560
2018-08-05T17:01:46,395352
2018-08-04T14:51:39,491105
2018-08-06T17:25:56,312184
2018-08-05T08:10:42,430062
2018-08-02T15:16:04,663225
2018-08-05T18:10:58,393781
2018-08-06T19:51:46,304792
2018-08-05T01:35:37,455597
2018-08-05T22:11:35,381959
2018-08-04T18:15:46,481822
2018-08-03T06:50:31,610532
2018-08-02T15:16:04,665974
2018-08-04T02:29:36,540900
2018-08-04T02:29:36,540835
2018-08-06T17:25:56,319228
2018-08-06T19:51:46,309525
2018-08-05T22:11:35,386331
2018-08-04T02:29:36,542651
2018-08-05T17:01:46,404526
2018-08-04T14:51:39,499002
2018-08-05T08:10:42,436424
2018-08-03T14:30:18,585558
2018-08-05T01:35:37,460904
2018-08-05T22:11:35,387028
2018-08-04T02:29:36,544952
2018-08-05T17:01:46,407225
2018-08-04T14:51:39,499305
2018-08-03T14:30:18,588363
2018-08-04T02:29:36,545025
2018-08-04T14:51:39,500956
2018-08-05T22:11:35,389573
2018-08-03T14:30:18,590028
2018-08-05T22:11:35,390626
2018-08-05T17:01:46,408426
2018-08-05T01:35:37,464907
2018-08-05T17:01:46,407901
2018-08-05T01:35:37,464848
2018-08-05T22:11:35,391622
2018-08-05T17:01:46,408707
2018-08-05T22:11:35,391384
2018-08-04T02:29:36,547741
2018-08-04T02:29:36,548084
2018-08-05T01:35:37,467153
2018-08-05T01:35:37,468740
2018-08-04T02:29:36,549333
2018-08-05T01:35:37,468366
2018-08-05T01:35:37,468686
2018-08-05T01:35:37,468542
2018-08-05T01:35:37,468878
2018-08-05T22:11:35,394939
2018-08-05T01:35:37,469670
2018-08-04T02:29:36,552314
2018-08-05T01:35:37,469204
2018-08-05T01:35:37,470128
2018-08-04T02:29:36,553052
2018-08-05T22:11:35,396495
2018-08-05T22:11:35,395946
2018-08-05T22:11:35,396082
2018-08-05T01:35:37,470627
2018-08-04T02:29:36,552870
2018-08-05T01:35:37,470790
2018-08-05T22:11:35,396623
2018-08-05T22:11:35,397807
2018-08-05T22:11:35,397077
2018-08-05T01:35:37,472149
2018-08-05T01:35:37,471244
2018-08-05T22:11:35,397746
2018-08-05T01:35:37,472624
2018-08-05T22:11:35,398373
2018-08-05T01:35:37,472026
2018-08-05T22:11:35,398806
2018-08-05T22:11:35,398756
2018-08-05T22:11:35,398100
2018-08-05T22:11:35,398315
2018-08-05T22:11:35,399089
2018-08-05T22:11:35,399209
2018-08-05T22:11:35,399617
2018-08-05T22:11:35,399617
2018-08-05T22:11:35,400722
2018-08-05T22:11:35,400780
2018-08-05T22:11:35,399928
2018-08-05T22:11:35,399928
2018-08-05T22:11:35,399997
2018-08-05T22:11:35,399997
2018-08-05T22:11:35,400479
2018-08-05T22:11:35,400645
2018-08-05T22:11:35,400993
2018-08-05T22:11:35,402006
2018-08-05T22:11:35,403120
2018-08-05T22:11:35,402531
2018-08-05T22:11:35,403894
2018-08-05T22:11:35,404656
2018-08-05T22:11:35,404796
2018-08-05T22:11:35,404835
2018-08-05T22:11:35,404835
2018-08-05T22:11:35,404126
2018-08-05T22:11:35,404316
2018-08-05T22:11:35,404126
2018-08-05T22:11:35,404126
2018-08-05T22:11:35,405127
2018-08-05T22:11:35,405127
2018-08-05T22:11:35,404608
2018-08-05T22:11:35,405051