UniformRandom,Uniform,GA (1 week),AllCityCenter,PopulationProportionate,GA (1 year),Random,MA,SLS
579,579,579,579,579,579,579,579,579
1525,1280,2290,2723,2211,2142,2142,1525,2290
610,538,538,538,538,610,610,538,538
385,639,385,385,385,639,639,385,639
718,675,807,675,640,640,640,718,640
472,472,472,511,472,472,472,472,472
645,645,645,1681,645,645,645,645,645
1489,1489,1489,3121,2291,1489,1489,1489,1489
492,1093,1093,1454,1249,1093,492,492,1093
781,781,781,1117,781,781,781,781,781
402,368,446,485,402,368,368,402,368
536,597,536,755,562,562,597,536,732
998,1402,1129,998,998,998,998,1129,998
916,916,916,1089,916,916,916,916,916
847,1106,675,1106,675,675,841,675,841
831,1043,492,831,831,831,831,831,831
490,490,490,872,490,490,490,490,490
591,591,591,854,591,591,591,591,591
851,851,851,2167,851,851,851,851,851
809,1038,809,958,555,555,555,809,555
308,308,308,308,308,308,308,308,308
523,523,523,922,523,523,523,705,523
651,651,651,1481,651,651,651,651,651
655,466,466,800,466,466,466,466,655
1190,1190,1190,1251,1190,1190,1190,1190,1190
740,740,740,740,740,740,740,740,740
446,446,446,644,446,446,446,446,446
849,849,849,1503,849,884,849,849,884
1227,1227,1227,1708,1227,1227,1369,1227,1227
496,496,496,1267,496,496,496,496,496
1237,1237,1237,2099,1237,1237,1237,1237,1237
858,858,858,858,858,858,858,858,858
1705,1539,1539,1970,1539,1539,1539,1539,1705
770,770,770,889,770,770,770,770,770
600,600,600,821,473,473,473,600,473
542,542,542,889,542,542,542,542,542
1222,1222,1222,1895,1222,1033,1631,1222,1222
648,648,648,648,648,648,648,648,648
392,392,392,3170,392,392,392,392,392
1098,1098,1098,2049,1098,1098,1098,1098,1098
795,795,795,1530,795,795,795,795,795
506,506,506,3230,506,506,506,506,506
1603,1603,1603,3298,1603,1603,1603,1603,1603
555,555,555,1029,555,555,555,555,555
795,795,795,1693,795,795,795,795,795
457,518,518,518,457,457,457,457,457
586,697,586,586,586,586,586,586,586
440,440,440,466,440,440,440,440,440
430,430,430,662,430,430,430,430,430
1202,1202,1202,1202,1202,1202,1202,1202,1202
665,665,665,665,665,665,665,665,665
623,623,623,1158,623,623,1109,623,813
1252,1252,1252,1252,1252,1252,1252,1252,1252
410,626,410,412,410,410,784,410,410
450,450,450,1299,450,450,450,450,450
548,548,548,367,367,548,706,548,367
655,850,655,702,655,655,702,655,655
360,360,360,721,360,360,360,360,673
595,595,595,595,595,595,595,595,595
2221,2221,2221,2175,2221,2221,2221,2221,2221
454,454,454,454,454,454,454,454,454
375,375,194,194,194,194,355,194,194
448,448,448,623,448,448,448,448,448
829,829,829,1406,829,829,829,829,829
2125,2125,2125,4289,3359,2125,2125,2125,2125
698,698,698,1561,698,698,698,698,698
572,572,572,1258,572,572,572,572,572
349,349,349,577,349,349,349,349,349
1955,1955,1955,2361,1955,1955,1955,1955,1955
544,544,544,848,544,544,544,631,544
546,546,546,1071,546,546,794,794,546
378,378,378,1769,378,378,378,378,378
940,940,940,940,940,940,940,940,940
714,714,714,753,714,714,809,714,567
776,776,776,1534,776,776,776,776,776
878,878,878,878,878,878,878,878,878
552,552,552,1387,552,552,552,552,923
1607,1607,1607,2463,1682,1607,1607,1607,1607
703,703,703,1137,703,703,703,923,923
630,630,630,2801,630,630,630,630,630
657,657,657,2105,657,657,657,657,657
1418,1418,1418,1547,1418,1418,1418,1418,1418
243,243,243,243,243,243,243,243,243
534,534,534,749,534,534,534,534,516
481,481,481,655,481,481,481,599,481
854,854,854,1542,854,854,854,854,888
1060,1061,1060,1061,1060,1060,1060,1060,1061
768,768,768,1921,768,768,768,768,768
604,604,604,1454,604,604,604,604,604
734,734,734,1325,734,734,853,734,734
1476,1476,1476,3521,1476,1476,1476,1476,1476
415,470,415,415,415,415,415,415,415
818,877,637,637,637,637,877,637,637
663,663,663,890,663,663,663,663,663
1738,1738,1738,1738,1738,1738,1738,1738,1738
1104,1104,1104,2309,1104,1104,1104,1104,1104
1756,1756,1756,1756,1756,1756,1756,1756,1756
1514,1514,1514,1514,1514,1514,1514,1514,1514
1394,1394,1394,1513,1394,1394,1394,1394,1394
753,753,753,1791,753,753,753,619,753
491,491,491,1490,491,491,491,491,491
764,788,563,563,563,563,788,563,563
533,533,533,729,533,533,533,786,533
624,624,828,1410,624,828,624,624,630
391,391,391,618,391,391,391,391,391
381,381,381,428,381,381,428,381,381
2401,2401,2401,2494,2401,2401,2401,2401,2401
596,823,708,823,596,596,596,823,708
442,442,442,1300,442,442,442,442,442
433,433,433,318,433,433,433,433,433
1722,1722,1722,2100,1722,1722,1722,1722,1722
798,798,798,1142,798,798,798,798,798
1508,1508,1508,2172,1508,1508,1508,1508,1965
711,711,851,1078,711,711,711,711,711
319,319,319,698,319,319,319,319,319
1669,1669,1669,2021,1669,1669,1669,1669,1669
221,221,221,560,221,221,221,221,221
249,249,249,1549,249,249,249,249,249
767,767,767,768,767,767,767,767,767
723,723,1399,2052,1399,1399,723,1399,723
1811,1811,1811,2652,1811,1811,1811,1811,1811
788,788,788,1127,788,788,788,788,788
965,1013,1013,916,965,965,965,965,1013
629,629,629,1501,629,629,629,629,629
611,611,611,1184,611,611,611,611,611
628,882,628,771,628,628,882,628,628
554,554,554,666,554,554,554,554,554
269,269,269,897,269,269,897,269,565
312,612,621,986,621,621,612,621,621
366,366,366,1166,366,366,403,978,366
313,313,313,496,313,313,313,313,313
2438,2438,1815,2928,2438,1815,2438,1815,1815
1026,1026,1026,1726,1026,1026,1026,1026,1026
154,154,154,154,154,154,154,154,154
422,422,422,2355,1010,422,1010,1010,422
505,505,505,817,505,505,505,505,505
545,545,545,3010,545,545,545,545,545
559,559,559,998,559,559,559,559,559
308,308,308,308,308,308,386,308,308
620,620,620,620,620,620,620,620,620
837,837,837,1514,837,837,837,837,919
1251,1251,1290,1336,1251,1251,1290,1251,1251
515,515,515,862,515,515,515,515,515
810,810,810,2160,810,810,810,810,810
878,878,878,1065,878,878,878,878,878
325,325,386,386,325,325,386,325,325
927,927,952,969,927,952,927,952,927
666,666,666,3569,666,666,666,666,666
474,474,474,696,474,474,474,474,474
549,549,549,1390,549,549,564,564,549
1131,1131,1333,2917,1735,1333,1131,1175,1614
347,347,347,347,347,347,347,347,347
772,772,771,772,771,772,771,772,772
254,254,254,254,254,254,254,254,254
298,298,298,359,298,298,298,298,359
301,301,301,989,301,301,301,301,301
413,413,354,173,173,173,413,173,173
921,921,921,1784,921,1355,921,921,1355
965,965,965,1840,965,965,965,965,965
620,620,273,620,273,620,620,273,620
584,426,426,245,426,426,426,426,426
864,864,864,2511,1947,864,864,864,1947
418,418,418,1442,418,418,868,868,1150
372,372,372,3323,372,470,372,372,372
1151,1150,946,946,946,946,667,946,946
877,972,877,1127,877,877,1127,877,877
300,300,300,1016,300,300,917,300,300
853,853,853,1375,853,853,853,853,853
930,930,930,930,930,930,1135,930,930
1410,1410,1410,2066,1410,1410,1410,1410,1410
937,937,955,937,731,731,955,731,731
546,546,546,862,546,546,546,546,546
836,836,836,1887,836,836,836,836,836
873,873,873,2089,1749,873,873,873,1749
468,847,468,847,782,847,847,468,468
509,509,509,1197,509,509,509,509,509
1288,1865,1288,2673,2183,1288,1288,1288,1288
514,514,514,1238,514,514,514,514,514
249,249,249,489,249,249,249,249,249
930,930,930,1151,676,676,676,930,676
545,545,545,1147,419,883,419,545,883
397,397,397,1074,397,397,858,397,397
1128,1128,1128,1129,1128,1128,1128,1128,1128
574,574,574,1437,574,574,574,574,574
833,833,832,833,832,832,832,833,833
752,563,563,1425,563,563,563,563,752
896,896,896,1125,896,990,896,896,990
483,483,483,2426,483,483,483,483,483
640,640,640,1190,640,640,640,936,640
626,626,626,1099,626,626,626,626,626
1078,1216,1216,1683,1078,1216,1078,1078,1390
354,354,354,528,354,354,354,354,354
572,572,597,1416,597,597,572,572,597
396,396,396,927,396,396,396,396,396
772,772,772,772,772,772,772,772,772
579,579,579,579,579,579,579,579,579
946,946,946,1847,946,1367,946,946,1367
418,418,418,1092,418,418,418,759,418
1010,1019,1010,1147,1010,1010,1019,1019,1010
723,723,723,2026,723,723,1452,1452,1541
1191,1191,1191,1666,1191,1191,1191,1191,1191
2081,2081,2081,3194,2081,2081,2081,2081,2081
534,534,534,3258,534,534,534,534,534
473,473,473,1021,473,473,473,473,473
547,532,532,1373,532,532,532,532,547
1329,1329,1329,1329,1329,1329,1329,1329,1329
1522,1522,1522,2330,1839,1522,1522,1522,672
247,247,247,3294,2585,247,247,247,2585
591,591,591,801,591,591,591,591,591
681,681,681,792,681,598,681,681,681
590,590,590,1065,590,590,590,590,590
995,995,995,908,995,995,995,995,628
725,725,725,1030,725,725,725,819,725
376,376,376,1004,376,376,376,376,376
821,821,821,1232,821,821,821,821,821
721,721,721,1918,721,721,721,721,721
1030,1030,1030,2863,1030,1030,1030,1030,1030
822,822,822,894,822,822,822,822,822
483,483,483,1211,483,483,483,483,609
590,590,590,1242,590,590,590,590,910
683,683,683,1203,683,683,683,683,834
522,522,522,1188,522,522,522,522,522
429,429,429,429,429,429,429,429,429
1069,1126,1069,1141,1069,1069,1126,1069,1069
466,466,466,1075,466,466,466,466,466
625,625,625,1514,625,625,625,625,670
729,729,729,814,729,729,729,729,729
689,689,689,689,689,689,689,689,689
966,966,966,1056,966,966,966,966,966
765,765,765,1344,765,765,765,765,1413
464,464,464,595,464,464,464,464,464
1050,1050,1050,1190,1050,1050,1050,1050,1050
546,546,546,3224,546,546,546,546,546
338,338,341,776,338,338,718,338,338
779,779,779,1222,779,779,779,779,779
1546,1546,1546,2421,1546,1546,1546,1546,1546
545,545,545,545,545,545,545,545,545
623,623,623,1310,623,623,623,623,881
1870,1870,1870,4658,3066,1870,1870,1870,1870
279,279,279,607,279,279,279,279,279
1269,1269,1269,3102,1269,1269,1269,1269,1269
337,337,337,337,337,337,337,337,337
246,246,246,246,246,246,246,246,246
691,921,691,1038,691,691,921,691,691
1382,1382,1382,3842,1382,1382,1382,1382,1382
438,438,385,385,385,385,438,385,385
278,278,278,505,278,278,278,278,278
410,410,410,1775,410,410,987,410,410
646,646,646,1407,646,646,646,646,646
1206,1206,1206,1032,1206,1206,1206,1206,1206
592,681,592,594,592,592,681,592,592
621,621,621,571,621,621,621,621,621
642,642,642,769,642,642,642,642,753
1001,1001,1001,3769,2231,1001,1001,1001,1001
756,756,756,1953,756,756,756,756,756
1633,1633,1633,1770,1633,1633,1642,1633,1642
1834,1834,1834,2948,1834,1834,1834,1834,1834
314,495,314,314,314,314,495,314,314
399,399,399,781,399,399,399,399,526
366,478,366,593,366,366,478,366,366
694,694,694,639,694,694,694,694,694
696,696,696,1099,696,696,696,696,696
1098,1098,1098,1544,1098,1098,1098,1098,1098
429,429,429,1254,429,429,429,429,429
239,239,239,981,239,239,239,239,239
1008,1008,1008,2885,1112,1008,1008,1008,1008
1974,1386,1974,3183,2430,1974,1974,1974,1386
1499,1499,1499,2340,1499,1499,1499,1499,1499
716,716,716,1190,716,716,716,716,716
535,876,535,1198,535,535,945,535,876
1040,1040,1040,1040,1001,1001,1040,1001,1001
512,512,512,1708,512,512,512,512,512
1094,1094,1094,3379,2897,1094,1094,1094,1094
478,478,478,945,478,478,478,478,478
663,663,663,232,413,571,663,663,472
4077,4077,3828,4581,3828,3828,4685,4077,3828
1138,1138,988,1919,1492,988,1492,1492,988
1294,1294,1294,1839,1294,1294,1294,1294,1294
310,310,310,961,310,310,310,310,310
543,543,543,978,543,543,543,543,543
722,694,722,694,385,607,694,722,385
1227,1315,1227,1654,1227,1227,1227,1227,1315
1005,1174,1005,303,543,543,1027,1005,642
1785,1947,1711,987,1326,1689,1711,1785,1785
1391,1391,1391,1056,1025,1391,1391,1391,1391
3665,4046,3888,3055,3295,3888,3295,3888,3665
938,938,938,891,938,938,938,938,938
350,350,350,557,364,350,350,350,350
767,767,767,2382,767,767,767,767,767
810,810,810,1239,810,810,810,810,810
451,451,451,1754,451,451,451,451,451
510,510,462,511,462,462,511,462,510
626,626,626,626,626,626,718,626,626
1713,1713,1713,2647,1713,1713,1713,1713,1713
447,447,447,786,447,447,620,447,447
603,825,744,661,603,603,862,603,603
1455,1455,1455,2284,1455,1455,2105,1455,1455
3957,4406,3577,4406,3957,3577,4403,3577,3577
2278,2829,1436,2617,2278,1436,2617,1436,2062
679,837,498,498,498,498,951,498,498
656,956,656,1275,656,656,956,656,956
367,367,367,1153,367,367,367,367,367
1336,1329,1329,1336,1336,1329,1350,1336,1336
647,642,642,1029,647,647,642,647,1029
131,131,131,131,131,131,131,131,131
492,492,492,1126,492,492,492,492,492
1203,1203,1203,3223,1203,1203,1203,1203,1203
590,592,590,763,590,590,1049,592,590
671,671,831,969,671,671,1033,759,671
968,1036,775,1017,766,968,1036,1017,766
1294,1294,954,1307,954,954,1307,954,954
1217,1217,796,1271,796,1049,1217,1217,796
1113,1113,957,1113,1113,1113,1113,957,1113
377,377,346,685,377,346,519,346,228
766,766,766,926,766,766,823,766,766
866,866,866,3470,866,866,866,866,866
190,391,190,190,190,190,391,190,190
188,188,188,415,188,188,188,188,188
1486,1486,1486,1600,1374,1486,1600,1486,1486
1179,1179,1179,1866,1179,1179,1179,1179,1616
420,420,420,1617,420,420,420,420,420
907,907,907,842,907,907,861,907,907
325,762,325,1012,325,325,325,762,762
535,535,569,662,569,569,569,569,569
445,445,445,1062,445,445,445,445,445
469,297,297,691,216,297,216,469,297
580,580,580,580,580,580,580,580,580
1017,1132,1017,1132,905,1017,905,1132,1017
1656,1369,1656,3292,1369,1369,1234,1656,1234
839,839,839,1077,839,839,839,839,839
541,541,541,670,541,541,541,541,541
510,510,510,1731,510,510,510,510,510
253,253,253,253,253,253,253,253,253
1320,1271,1271,1320,1140,1320,1140,1320,1320
656,656,656,2350,656,656,656,656,656
704,704,624,624,624,624,624,704,624
702,702,702,1379,702,702,1163,702,702
885,847,685,757,685,742,885,757,742
610,610,610,1499,610,831,610,610,831
778,778,778,2081,778,778,1507,1507,778
391,912,391,210,391,549,549,391,549
1040,1431,677,242,472,677,1040,987,677
694,694,694,694,694,579,694,694,579
1003,1003,1003,1391,1003,274,1003,1003,1092
202,202,202,202,202,202,202,202,202
590,590,590,3548,590,590,590,590,590
475,883,496,475,496,475,496,475,475
1625,1625,1625,1625,1625,1625,1625,1625,1625
1157,569,1157,2502,1391,569,1157,1157,1157
2156,1995,2176,1995,1995,1995,2176,2176,1995
613,660,660,662,660,660,660,660,660
2161,2161,2161,3315,2161,2161,2741,2741,2161
855,855,855,1029,855,855,855,855,855
366,366,366,411,366,366,366,366,366
1765,1765,1765,2805,1765,1765,1765,1765,1765
1662,650,1662,2827,1662,1662,650,1662,1662
835,593,608,593,608,608,608,608,608
318,318,318,424,318,424,318,318,424
419,523,419,952,419,419,419,419,419
915,915,915,1125,915,827,987,827,827
1293,1293,1293,1855,1293,1293,1293,1293,1697
675,675,375,795,375,375,375,675,375
533,533,533,1314,533,533,925,925,533
501,501,501,1363,501,501,501,501,501
1002,414,1002,2185,1002,414,414,1002,1002
619,619,619,487,619,619,1076,619,619
491,491,491,749,491,491,491,491,491
559,559,559,1270,559,559,559,559,559
717,717,717,713,717,717,717,717,717
486,369,486,638,369,369,369,369,369
931,931,931,932,931,931,931,931,932
453,453,453,1798,453,453,453,453,453
801,801,801,1105,801,801,801,801,801
746,746,746,908,746,746,746,746,746
745,745,745,1094,650,650,650,745,650
663,663,663,974,431,431,431,663,431
863,722,722,1244,722,722,722,722,863
435,713,713,1196,435,713,435,435,713
512,512,512,1686,512,512,1167,512,512
755,755,755,848,755,755,755,755,755
984,984,984,1208,877,877,877,984,877
794,794,794,1240,794,794,941,794,794
541,541,541,768,541,541,541,541,541
739,1095,739,1359,1095,487,1095,739,739
671,671,671,1550,671,1057,671,671,1258
228,228,228,960,228,228,362,638,228
869,869,869,1222,869,869,869,869,869
564,564,564,383,383,383,564,383,383
776,776,776,2186,776,776,776,776,776
915,915,915,2424,915,915,915,915,915
395,395,395,1699,395,395,395,395,395
441,441,386,386,386,386,441,386,386
443,443,443,1055,443,443,612,443,612
373,373,261,488,261,261,373,261,261
334,334,334,334,334,334,334,334,334
275,275,275,1225,275,275,275,275,275
999,999,1072,1474,999,1072,999,999,999
242,242,242,535,242,242,242,242,242
441,441,441,972,441,441,441,441,754
492,492,492,492,492,492,492,492,492
220,220,220,750,220,220,220,220,220
904,904,885,904,641,904,904,904,904
1148,1148,908,908,847,908,1148,908,908
482,678,482,242,242,482,678,482,242
590,590,590,957,590,590,590,590,590
510,510,510,559,510,510,510,510,510
478,478,478,478,478,478,478,478,478
548,548,548,1909,548,548,1091,548,548
594,594,638,638,594,594,638,594,594
212,212,212,3147,212,212,212,212,212
562,562,562,1424,562,562,562,562,562
314,314,314,1553,314,314,314,314,314
625,625,625,2096,625,625,625,625,625
536,536,536,833,536,536,536,536,536
737,737,737,1227,737,737,737,737,737
423,423,423,1181,423,423,423,423,1071
428,428,428,639,428,428,428,428,428
268,268,268,374,268,268,268,268,268
2930,2930,2930,4028,3619,2930,2930,2930,2930
397,397,397,3121,397,397,397,397,397
539,539,584,901,539,539,539,539,539
1711,1300,1711,2399,2068,1711,1711,1711,1881
1052,499,1052,1361,1223,1052,1129,1052,1097
657,657,657,961,657,657,657,657,657
346,346,346,346,346,346,346,346,346
844,844,844,845,844,844,844,844,844
602,602,602,1711,602,602,602,602,602
2681,2571,2718,3090,3090,2681,2718,2718,2718
864,864,946,949,903,903,1019,903,864
1645,1573,1645,1783,1783,1645,2270,1645,1645
1152,1152,1152,1152,1152,1152,1152,1152,1152
893,952,712,712,712,712,1143,712,712
2352,2863,2352,3010,2868,2352,2863,2863,2863
833,833,833,864,389,833,833,833,389
3403,909,3403,2134,3595,3403,3481,909,3481
1459,1459,1459,1459,1459,1459,1459,1459,1459
294,294,294,1655,294,294,294,294,294
379,379,379,379,379,379,379,379,379
202,202,202,202,202,202,202,202,202
415,452,415,362,415,415,452,415,362
2516,2516,2516,2681,2516,2516,2516,2516,2516
732,732,732,2093,732,732,1275,732,732
481,481,481,444,481,481,621,481,481
247,247,247,722,247,247,247,500,247
351,351,351,351,245,351,351,351,351
439,984,439,628,778,439,984,439,439
750,1130,750,750,750,750,1130,750,750
915,915,969,1778,915,969,969,969,915
2268,1964,2268,2986,2268,2268,2268,2268,2268
351,738,351,1006,351,351,738,738,738
2952,2952,2952,4057,3442,2952,2952,3002,2952
359,359,359,1492,359,359,359,359,359
380,380,380,380,380,380,380,380,380
1067,899,899,977,977,899,899,899,899
1375,1375,1322,1322,1322,1322,1375,1322,1322
750,750,750,713,336,336,328,336,336
392,392,392,423,423,392,423,423,392
305,305,305,836,305,305,305,305,618
1247,1247,1135,1476,838,1247,838,1247,1247
749,749,749,1581,749,749,749,749,749
212,212,212,439,212,212,212,212,212
2871,2871,2530,3082,2530,2530,2871,2530,2871
378,794,378,1287,378,794,378,608,794
2349,1653,2349,3986,2349,2349,2349,2349,2349
975,975,975,2280,1798,975,1848,1798,975
284,284,284,284,284,284,284,284,284
2008,2008,2008,3017,2008,2008,2008,2008,2008
891,891,891,1174,891,891,891,891,891
538,849,538,1034,538,938,538,538,538
438,438,438,438,438,438,619,438,438
423,423,242,242,242,242,423,242,242
1592,1592,1592,2376,1592,1592,1592,1592,1592
485,485,485,877,485,485,485,485,485
708,708,527,527,527,527,767,527,527
468,468,468,1330,468,468,468,468,468
1043,1043,1043,1381,1043,1043,1043,1043,1043
475,475,475,878,475,475,592,592,475
662,744,662,1023,662,662,662,662,1108
516,516,516,1094,516,516,516,516,516
1731,1731,1731,2844,1731,1731,1731,1731,1731
1137,1137,897,1003,897,1137,1137,1137,897
1351,1351,1351,1718,1351,1351,1351,1351,1351
732,732,732,1562,732,732,1071,732,732
1164,1164,1164,1405,1164,1164,1164,1164,1164
1690,1690,1109,1158,1690,1109,1690,1109,1109
457,457,457,689,457,457,457,535,457
1683,1683,1683,1812,1683,1683,1683,1683,1683
442,442,567,616,442,442,567,442,442
546,546,546,1895,546,546,546,546,546
2448,2448,2448,3571,2448,2448,2448,2448,2448
651,651,651,1109,651,651,651,651,651
249,249,249,2097,249,249,249,249,249
826,826,826,1382,826,826,944,826,944
2064,2064,2064,2734,2064,2064,2064,2064,2064
551,551,551,752,551,551,551,551,551
581,581,581,1460,581,581,581,581,581
700,760,829,829,700,700,829,700,760
413,413,413,379,413,413,413,413,565
1090,1090,644,1134,644,1090,644,1090,1090
338,338,338,338,338,338,338,338,338
546,546,546,2630,546,546,546,546,546
917,917,917,1500,917,917,917,917,1487
434,434,434,1469,434,434,434,434,434
893,893,794,554,554,554,893,554,554
1186,1186,1186,1778,1186,1186,1852,1186,1186
793,793,793,1056,793,793,793,793,793
700,700,700,1562,700,700,700,700,700
2769,2769,2769,4702,2769,2769,2769,2769,2769
780,781,780,781,780,780,781,780,780
688,688,688,1788,688,688,688,688,688
1453,1453,1453,1279,1453,1453,1453,1453,1453
379,379,379,379,379,379,379,379,379
280,280,1393,2757,1831,1393,280,280,1393
1569,1660,1616,1616,1569,1569,1844,1569,1616
2417,2780,2417,2078,2078,2078,2780,2078,2078
2009,1571,337,1952,2357,337,2357,2357,337
877,877,626,692,626,626,626,626,850
1299,1299,1299,2585,2100,1951,1299,2081,1299
367,367,367,1128,367,571,367,367,571
344,344,409,344,344,344,344,344,344
2310,2310,2293,2906,2310,2768,2619,2293,2660
643,643,643,671,643,643,643,643,643
1295,1295,1367,1337,1422,1295,1295,1295,1295
1291,1291,1291,743,1450,1450,1291,1291,1291
569,693,693,468,693,759,468,693,468
1925,2216,1012,1118,1728,2216,1012,1728,1287
1610,1610,1137,1190,1626,1055,1055,1677,1055
1302,1302,1302,1218,1302,1302,1302,1302,1302
534,534,534,534,534,534,534,534,534
1272,551,1272,1788,1272,551,1272,1272,551
1573,1620,1573,1620,1573,1573,1573,1573,1620
411,411,411,411,411,411,411,411,411
1782,1782,1617,1695,1728,1559,1559,1728,1559
1015,1015,1064,1064,728,728,1064,757,728
463,463,463,1653,463,463,463,463,463
840,699,699,1179,699,699,1179,699,699
251,774,251,1178,251,251,774,774,251
399,399,399,606,399,399,399,399,399
472,472,865,2796,472,865,472,472,865
813,1097,1097,1094,448,1097,1097,448,1097
2126,2126,2126,3239,2126,2126,2126,2126,2126
383,722,383,722,383,722,722,383,722
356,356,356,356,356,356,356,356,356
2275,2430,2139,2592,2139,2139,2430,2139,2139
372,372,372,445,372,372,372,372,372
470,470,470,1651,1312,470,470,470,470
429,462,429,861,793,793,793,429,429
409,434,434,435,409,434,434,434,434
407,407,407,3265,407,407,407,407,407
1656,1837,1656,1656,1656,1656,1837,1656,1656
1433,1208,1208,1433,1433,1208,1433,1208,1433
910,773,861,1200,910,1200,861,861,1200
346,767,346,767,346,346,767,346,346
1517,1517,1517,1862,1517,1517,1517,1517,1517
432,432,432,231,231,432,432,231,231
725,725,725,2648,725,725,725,725,725
385,385,385,1059,385,385,385,685,385
871,871,871,1733,871,871,871,871,871
346,378,346,629,346,346,378,378,346
820,820,820,1144,820,820,820,820,820
683,683,683,3181,683,683,683,683,683
2428,2428,2428,2588,2428,2428,2428,2428,2428
468,468,468,468,468,468,468,468,468
680,491,491,1201,491,491,491,491,680
291,291,291,397,291,291,291,291,397
1137,1137,1137,1165,1137,1137,1406,1137,1137
720,720,720,809,720,720,720,720,720
680,1057,680,1057,680,1057,1057,680,1057
870,870,850,922,870,870,870,870,870
998,998,445,672,445,550,445,672,550
984,984,354,354,354,354,541,354,354
625,625,625,1597,625,625,625,625,625
299,665,371,299,299,665,665,665,299
341,341,341,341,341,341,341,341,341
251,251,251,1348,251,251,774,774,251
898,898,898,1161,898,898,898,905,898
300,300,300,300,300,300,300,300,300
805,805,805,1482,805,805,1266,805,805
342,342,342,1933,342,342,342,342,342
532,532,532,532,532,532,532,532,532
646,646,646,812,646,646,669,646,646
447,447,447,829,447,447,447,447,447
976,976,976,1009,976,976,976,976,976
434,434,434,1324,434,434,434,434,434
929,929,929,2378,929,929,929,929,929
348,348,348,348,348,348,348,348,348
451,451,451,767,451,451,451,612,451
766,766,766,1628,766,766,955,955,766
410,410,410,1038,410,410,410,410,410
373,373,373,1547,373,373,373,373,373
754,754,754,1099,754,754,754,754,754
396,396,396,929,396,396,396,500,500
477,477,477,1082,477,477,477,477,477
333,333,333,333,333,333,333,333,333
726,726,726,1164,726,726,726,726,1076
982,982,982,984,982,982,1074,982,982
499,640,499,846,499,499,529,499,499
813,813,772,947,813,772,813,772,772
1622,1622,1622,2285,1622,1622,1622,1622,1622
651,651,651,834,651,651,651,651,651
641,641,641,1076,641,641,641,727,641
644,644,644,644,644,644,644,644,644
415,415,415,415,415,415,415,415,415
592,592,592,1481,592,592,592,592,592
453,453,453,1157,453,453,453,453,453
913,913,836,976,836,913,836,913,913
690,690,690,1223,690,690,690,794,794
506,506,506,1368,506,506,1230,1104,506
640,640,640,1280,640,640,640,640,640
275,275,275,863,275,275,275,275,275
1253,1253,1253,1425,1253,1253,1253,1253,1253
532,532,532,532,532,532,532,532,532
575,575,779,1336,575,779,575,575,575
997,997,997,2399,997,997,997,997,997
4745,4745,4745,4783,4745,4745,4745,4745,4745
863,863,863,1372,863,863,863,863,863
969,969,969,1323,969,969,1268,1268,969
426,426,426,541,314,426,426,426,426
308,308,308,308,308,308,308,308,308
1000,1000,715,1491,715,715,1000,715,715
513,513,513,1339,513,513,513,513,498
1082,1082,1082,1463,1082,1082,1082,1082,1082
367,367,367,2034,367,367,367,367,367
417,417,417,1720,417,417,417,417,417
350,350,384,667,350,384,350,384,416
1278,1645,1278,1627,1278,1278,1278,1627,1627
2334,2334,1898,1898,1898,1898,2533,1898,1898
353,353,353,353,353,353,353,353,353
856,856,803,803,803,803,856,856,803
482,482,482,889,482,482,705,482,677
564,750,516,315,315,516,750,516,516
664,664,664,1191,664,664,664,664,664
742,742,742,742,742,742,742,742,742
491,491,491,2141,1329,491,1329,1329,491
2109,2653,2109,2351,2109,2109,2109,2109,2109
5742,6311,5497,6106,5497,5497,5742,5497,5827
1094,1094,1094,2262,1094,1094,1094,1094,1094
1300,1300,1520,2227,1300,1520,1300,1300,1300
600,1607,1315,1607,1122,1543,1033,1543,600
1761,1840,1673,1720,1673,1673,1840,1673,1673
675,675,675,1504,675,675,800,675,675
702,881,702,796,702,702,702,955,702
1332,1332,1332,2528,1332,1332,1332,1332,1332
2786,2786,2786,2786,2786,2786,2786,2786,2786
207,584,207,584,207,207,584,207,207
674,674,674,1015,674,674,674,674,674
372,372,372,809,372,372,464,372,464
1892,1804,1892,2231,1892,1892,1804,1892,1892
493,493,493,1814,493,493,1332,493,493
2167,2167,2167,2327,2167,2167,2167,2167,2167
2267,2267,2267,2698,2267,2267,2267,2267,2267
1258,1599,1614,1499,1599,1599,1571,1599,1599
685,685,685,1871,685,685,685,685,740
4293,4625,4576,4625,4576,4576,4625,4576,4576
428,428,566,1033,428,566,428,428,428
942,942,942,2897,942,942,942,942,942
659,659,659,2317,659,659,659,659,659
1517,1517,2299,2437,1517,1517,2437,2299,1517
398,398,398,398,398,398,771,398,398
1127,1127,1127,3326,1127,1127,1127,1127,1127
2207,2266,2026,2026,2026,2026,2365,2026,2026
702,702,702,808,702,702,833,702,702
822,900,822,821,821,821,887,821,822
1970,1970,1970,2199,1970,1970,1970,1970,1970
502,647,550,550,501,550,599,550,376
982,1244,982,797,797,797,988,982,797
499,499,499,322,499,499,590,499,499
372,372,372,372,372,372,372,340,340
1042,1042,1042,1161,1042,1042,1108,1042,1042
1381,1381,1254,1602,1254,1381,1695,1381,1254
230,336,230,336,230,230,336,336,230
1071,1071,1104,1590,1071,1104,1071,1071,1071
301,737,301,301,301,301,301,301,301
404,404,404,962,404,404,404,404,868
898,898,898,2438,898,898,898,898,898
426,426,426,426,426,426,426,426,426
1093,1093,1093,2922,1093,1093,1093,1093,1093
938,1072,938,698,637,938,1072,938,938
1618,1618,1618,2731,1618,1618,1618,1618,1618
1695,1769,1769,2252,1695,1769,1491,1695,1769
709,709,709,1190,709,709,709,709,709
1294,1294,1294,2214,1294,1294,1294,1294,1294
257,257,257,713,257,257,257,257,257
541,541,541,971,541,541,541,541,541
746,746,886,1113,746,746,886,746,746
808,774,852,823,808,852,774,852,808
1337,1577,1337,1337,1337,1337,1337,1337,1337
1331,1414,1331,1526,1331,1331,1414,1331,1191
1024,1024,1024,1924,1024,1024,1024,1024,1024
460,460,499,456,460,499,460,499,460
316,316,316,1804,316,316,316,316,316
493,493,493,1355,493,493,493,493,493
449,493,493,1567,449,493,449,449,449
761,761,761,1155,761,761,761,761,761
523,523,523,1224,523,523,523,523,523
517,517,517,610,517,517,517,517,517
492,492,492,1552,492,492,492,492,492
2256,2256,2256,2256,2256,2256,2256,2256,2256
2978,2978,2978,4855,3082,2978,3082,3082,2978
1008,1069,1069,1069,1008,1069,1008,1069,1008
982,983,982,982,982,982,982,982,982
520,520,520,1390,520,520,520,520,1168
541,541,576,1131,541,576,541,541,541
261,261,261,261,261,261,261,261,261
919,919,919,1285,919,365,1045,919,919
1363,1141,1363,3064,1141,1141,1141,1141,1363
1005,1466,1005,1528,1388,1005,1466,1005,1005
466,466,466,538,466,672,629,466,538
1083,611,611,998,611,611,611,611,897
923,923,844,924,844,844,923,923,844
691,691,691,874,691,759,691,691,759
1060,1060,839,1060,712,712,791,1060,1060
1390,1390,1390,2700,1654,1390,1390,1390,1654
873,898,898,1544,873,898,873,873,898
1071,1071,1071,1071,515,1071,1113,515,515
848,848,848,2099,848,848,848,848,848
482,482,482,482,482,482,482,482,482
1030,1030,1030,1371,1371,1030,1030,1371,1371
1359,1359,1359,4311,2328,1359,1359,1359,1359
459,459,503,553,503,459,459,503,503
1064,1064,1064,1174,416,1064,1064,416,1064
461,461,461,956,461,461,461,461,461
625,625,625,1060,625,625,625,625,625
1402,1179,1179,1741,1179,1179,1402,1179,1179
197,197,197,2735,1215,1202,197,1215,197
468,468,468,468,468,468,468,468,468
668,732,640,781,640,640,732,732,640
1298,1298,953,1298,953,1298,1048,953,1298
965,716,716,1225,1339,716,716,716,965
735,735,735,1406,735,760,735,735,760
444,444,444,395,444,444,444,444,444
927,927,659,797,927,927,927,659,927
294,294,294,294,294,294,294,294,294
1972,1995,1995,2872,1972,1995,1972,1972,1995
1485,1485,1485,2159,1485,1485,1485,1826,1485
281,281,281,1190,281,697,281,281,697
686,686,686,1033,686,686,686,686,686
1225,1361,1361,1730,1225,1361,1225,1225,1437
929,929,929,962,929,929,929,929,929
498,498,498,498,498,498,498,498,498
215,625,215,625,215,215,625,625,215
248,248,248,379,248,248,248,248,248
156,848,848,1422,156,288,848,848,288
308,308,308,535,308,308,308,308,535
668,668,668,1131,668,668,668,668,668
1373,1373,1373,2980,2199,1373,1373,1373,2204
463,463,463,1091,463,463,463,1091,463
410,410,349,410,349,410,349,410,410
443,443,443,672,443,537,443,443,647
491,491,491,664,491,491,491,491,491
507,507,507,613,507,507,507,507,507
1147,1288,1147,1473,1147,1288,1147,1147,1288
238,238,238,238,238,238,238,238,238
484,746,484,746,484,746,484,484,746
479,479,479,954,479,479,479,479,479
652,652,652,781,652,652,652,652,652
961,961,961,1013,894,894,894,961,894
680,680,680,1110,680,680,680,680,680
510,510,510,792,510,510,510,510,510
325,325,325,987,325,325,325,325,325
1150,1096,1096,1958,1096,1096,1096,1096,1150
427,427,427,427,427,427,427,427,427
499,499,499,823,499,499,499,499,499
680,680,680,944,680,597,680,680,680
458,458,458,530,458,458,458,458,458
3562,3562,3562,5245,3562,3562,3562,3562,3562
450,450,450,981,450,450,450,450,450
624,624,624,1974,624,624,624,624,624
712,712,712,712,712,712,712,712,712
377,377,377,1138,377,377,377,377,377
354,354,354,1042,354,354,354,354,758
833,833,833,1180,833,833,833,833,833
714,714,714,714,714,714,714,714,714
1067,1067,1067,1173,1067,1067,1067,1067,1067
542,786,542,805,542,542,786,542,542
891,891,891,827,891,891,891,891,891
945,945,946,946,945,945,945,945,946
365,365,365,840,365,365,365,365,365
897,897,685,1024,897,685,897,685,685
539,539,539,539,539,539,539,539,539
354,354,354,631,354,354,354,354,354
835,835,835,835,835,835,835,835,835
2037,2037,1821,1821,1821,1821,2037,1821,1821
522,522,522,739,522,522,522,522,522
479,479,479,1818,479,479,479,479,479
228,228,228,1034,228,228,228,228,228
419,419,419,822,419,419,419,419,419
867,867,867,2064,867,867,867,867,867
1310,1310,1181,1310,1181,1181,1310,1181,1181
647,647,407,407,407,407,647,407,407
504,504,504,1895,504,504,504,504,504
487,487,487,1151,487,487,487,487,944
845,845,845,1108,845,845,845,845,845
1678,1678,1586,1803,1586,1678,1586,1678,1678
471,471,414,486,414,414,414,414,414
1575,1575,1575,1284,1284,1509,1575,1509,1284
2153,2315,2003,1355,1694,2003,2315,2003,2003
3060,3060,3060,3060,3060,3060,3060,3060,3060
403,403,403,1242,403,403,403,403,403
744,795,223,763,223,223,795,744,744
470,913,913,1048,470,913,470,470,470
474,474,293,293,293,293,474,293,293
635,1110,194,421,194,194,1101,194,194
2021,2021,2021,1568,2021,2021,2021,2021,2021
579,688,579,1223,579,579,688,579,579
805,805,788,919,764,820,805,820,820
1240,1240,1240,1417,1240,1240,1240,1240,1240
2111,2669,2333,2150,2233,2333,2111,2333,2333
729,729,729,729,729,729,729,729,729
1103,1103,1103,1786,1103,1103,1103,1103,1103
597,582,582,1186,582,582,597,597,582
735,697,758,905,735,758,697,735,735
1320,1379,1320,1139,1139,1320,1379,1320,1139
428,428,428,428,428,428,428,428,428
789,821,789,1072,789,789,821,789,789
725,725,725,2397,725,725,725,725,725
558,558,510,309,309,510,510,510,309
1281,1281,1281,3158,1281,1281,1281,1281,1281
1471,1471,691,2289,1471,691,1471,691,1471
843,925,925,928,843,925,1319,998,843
2591,2591,2591,3421,2591,2591,2931,2591,2591
804,804,804,1143,804,804,1016,804,804
1787,1787,1606,1606,1606,1606,1787,1606,1606
627,627,627,2956,627,627,627,627,627
875,769,875,875,769,769,875,769,769
813,1006,506,813,813,506,1190,506,506
505,701,452,341,341,452,964,452,341
791,791,791,1924,791,791,791,791,791
987,1189,904,1131,987,764,1189,764,764
1411,1411,1156,1084,1156,1156,1411,1156,1084
1482,1526,1526,912,1526,1482,1526,1526,1482
2746,3946,2850,2954,2479,2850,3086,2746,2479
590,727,876,876,473,876,727,590,473
1519,1524,705,705,478,705,1386,705,478
644,644,644,1205,644,644,644,644,644
1021,1021,1021,902,667,1021,1021,902,1021
1358,712,1128,698,698,1128,1133,869,1133
1045,1045,988,870,1025,1045,1160,988,935
480,480,480,480,480,480,480,480,480
632,632,692,761,632,632,632,632,632
375,375,375,375,375,375,320,375,375
328,625,351,328,328,532,328,351,328
789,789,789,950,789,789,789,789,789
540,540,540,605,540,540,540,540,540
727,727,954,954,727,727,727,727,727
503,562,328,377,328,377,328,328,328
478,478,478,998,478,478,478,478,478
919,919,919,1782,919,919,973,919,919
339,339,339,339,339,339,339,339,339
1042,1042,1042,2657,1042,1042,1042,1042,1042
172,172,172,914,172,172,582,172,172
1512,1210,1210,2392,1809,1210,1512,1512,1512
405,405,405,1319,405,405,405,405,405
439,439,439,439,439,439,439,439,439
321,321,321,630,321,321,321,321,321
744,744,869,918,744,744,869,744,744
1702,1702,1702,1935,1935,1702,1702,1935,1702
899,899,938,984,899,938,938,938,899
173,173,173,173,173,173,173,173,173
1475,1475,1475,1923,1475,1475,1723,1674,1475
443,443,487,1133,443,487,443,443,443
609,609,609,913,609,609,609,696,609
708,708,708,1905,708,708,708,708,708
538,538,538,2489,538,538,538,538,538
1835,997,1835,2868,2416,1835,1835,1835,1835
616,616,616,1151,886,616,616,616,507
2584,2584,2761,4002,3453,2761,2584,2584,3342
315,315,315,542,315,315,315,315,315
776,776,689,982,689,689,776,689,689
876,876,876,969,876,876,876,876,876
430,478,479,479,430,478,478,478,478
1900,1900,1900,1900,1900,1900,1900,1900,1900
859,859,1233,1149,859,1233,1233,859,1208
636,636,636,858,636,636,636,636,636
256,256,328,256,256,256,256,256,256
1534,1534,1534,3150,1534,1534,1534,1534,1534
749,749,749,749,749,749,749,749,749
490,490,490,1178,490,490,901,901,490
535,535,535,535,535,535,535,535,535
1184,1184,1184,1184,1184,1184,1392,1184,1184
388,388,207,207,207,207,388,207,207
495,495,495,1014,495,528,495,495,528
1653,1653,1653,2850,1653,1653,2365,2365,2558
1562,1562,1562,2200,1562,1562,1396,1562,1562
523,523,523,529,523,523,523,523,523
652,652,652,905,652,652,652,652,652
456,456,456,503,456,456,456,456,456
871,871,871,2565,871,871,871,871,871
550,550,550,766,463,463,463,756,550
1111,1111,1111,2786,1111,1111,1111,1111,1111
328,328,328,1002,328,328,628,628,328
853,853,853,1952,853,1407,1407,853,853
766,766,766,1508,766,766,766,766,766
608,608,608,608,608,608,608,608,608
457,457,369,408,369,429,369,457,457
993,1022,993,1256,993,1022,993,993,1022
2141,1356,2141,2576,2263,1356,1618,2141,2263
1747,1747,1747,3092,2673,1747,1747,1747,1747
802,802,802,866,563,802,563,802,866
594,594,367,594,367,367,367,594,594
303,303,303,303,303,303,303,303,303
2485,903,903,3514,2485,2485,2485,2485,2485
1410,1492,1410,2246,1410,1492,1492,1410,1410
902,1300,1805,3255,902,1805,902,902,902
697,697,697,1040,697,338,998,998,338
2819,1147,2819,3645,3400,3400,3400,2819,2819
546,1003,546,1031,546,1003,1003,546,1003
1455,1455,1455,2226,1455,1455,1455,1455,1455
1009,1009,1009,1054,1054,1009,1054,1009,1054
458,458,458,989,458,458,458,458,458
1449,1493,1449,1493,1449,1493,1493,915,1493
269,450,269,269,269,269,269,269,269
320,320,320,320,320,320,320,320,320
1183,726,1183,1387,1183,726,1183,1183,726
672,672,442,789,672,672,672,442,672
777,777,660,1523,660,1160,1160,660,660
588,666,531,691,531,588,588,531,531
1119,404,1119,2526,1119,404,404,1119,1119
295,295,295,1038,295,295,706,706,295
285,283,285,285,285,283,283,285,283
799,618,799,618,618,618,618,618,618
772,772,772,700,772,700,772,772,700
570,454,454,273,454,454,454,612,273
817,924,504,649,504,515,740,515,515
733,733,573,1247,573,733,733,733,573
782,879,624,443,624,624,782,624,443
534,534,264,624,264,264,264,534,264
573,573,573,359,573,573,573,626,451
1261,1261,1261,2776,1261,1261,1261,1261,1261
813,813,565,957,565,565,565,565,565
273,273,273,273,273,273,273,273,273
1221,1221,657,395,623,623,657,1221,623
587,587,587,587,587,587,587,587,587
476,476,476,1315,476,544,476,476,544
1156,1156,1156,1156,809,1156,1156,1156,1156
561,561,561,3496,2715,561,561,561,2720
557,557,557,1100,746,557,557,557,746
421,421,421,421,421,421,421,421,421
962,1252,820,1243,820,820,1121,820,820
609,959,662,959,662,959,959,609,959
746,691,746,691,691,691,746,691,691
717,717,717,836,717,717,717,717,717
718,718,718,3621,718,718,718,718,718
1101,1101,1101,1009,1009,1101,1101,1101,1009
940,879,879,940,879,879,879,879,879
520,520,520,1823,520,520,1249,1249,520
288,551,288,551,288,532,288,551,532
636,636,636,2284,636,636,636,636,636
381,381,381,561,381,381,381,381,381
2692,2692,2692,2852,2692,2692,2692,2692,2692
1180,1180,1180,1186,1180,1180,1180,1180,1180
775,775,775,1352,775,775,775,775,775
1608,1402,1402,1872,1402,1402,1402,1402,1608
428,428,428,428,428,428,428,428,428
768,768,768,1257,768,768,768,768,768
1411,1367,1367,1383,1367,1367,1367,1367,1367
1741,1741,1741,3784,3008,1741,1741,1741,3008
548,548,548,1309,548,548,548,548,548
640,640,640,640,640,640,640,640,640
1489,1489,1489,3949,1489,1489,1489,1489,1489
694,694,694,823,694,694,694,694,694
701,701,701,1875,701,701,701,701,1094
745,745,745,851,745,745,745,745,745
1074,1074,1098,1975,1074,1098,1074,1074,1074
712,712,712,1389,712,712,712,712,712
438,438,438,1619,438,438,438,438,438
501,501,501,2443,1373,501,501,501,501
995,996,996,996,995,995,996,995,996
965,965,965,1665,1109,965,1054,1054,1109
640,640,640,1115,640,640,640,640,640
376,376,376,556,376,376,376,556,376
1761,1761,1761,2874,1761,1761,1761,1761,1761
291,291,291,600,291,291,291,291,291
500,500,500,2439,2439,500,500,500,500
961,961,961,1850,961,961,1423,961,961
2923,2923,2923,3569,2923,2923,2923,2923,2923
605,822,822,1307,822,822,733,822,605
901,901,901,1541,901,901,901,901,901
1413,1413,1413,3115,1413,1413,1413,1413,1413
99,99,99,385,99,99,99,99,99
2400,2400,2400,2400,2400,2400,2400,2400,2400
563,563,563,962,563,563,563,563,563
1801,1801,2021,2770,1801,2021,1801,1801,1801
460,460,279,279,279,279,460,279,279
723,991,723,1153,723,723,991,723,723
565,565,565,1100,565,565,1051,565,565
1340,1340,552,1283,786,552,1340,552,552
489,489,489,518,489,489,489,489,489
782,782,782,766,782,782,782,782,782
364,364,364,1093,364,364,364,364,364
496,496,496,1015,496,496,496,496,496
336,336,336,336,336,336,336,336,336
810,810,811,811,810,810,810,810,811
297,297,326,651,297,326,297,297,452
731,731,731,634,683,731,684,731,731
2008,2008,2008,2600,2008,2008,2249,2008,2008
751,751,751,2400,751,751,751,751,751
1038,1038,1038,1040,1038,1038,1218,1038,1038
1877,1877,1877,2432,1877,1877,1877,1251,1877
1906,1906,1906,2242,1906,1906,1906,1906,1906
373,373,373,1074,373,373,566,373,373
2122,2122,2122,2868,2122,2122,2122,2122,2005
1684,1684,1684,1850,1684,1684,1684,1684,1684
358,358,358,967,358,358,358,358,688
947,1006,766,766,766,766,834,766,766
2074,2074,1914,1961,1914,1914,2189,1914,1914
809,809,809,809,809,809,809,809,809
652,652,652,1769,652,652,652,652,652
373,373,373,1101,373,373,373,373,499
1993,1993,1993,1993,1993,1993,1993,1993,1993
207,207,207,322,207,207,824,714,207
833,833,833,877,833,833,833,833,877
277,277,277,1511,277,277,277,277,277
305,305,305,933,305,305,616,305,601
710,710,710,822,710,710,837,710,710
662,662,662,970,662,662,729,662,662
1282,1282,440,1457,1066,440,1066,440,440
1003,1113,355,1113,1003,1003,355,355,1003
730,730,621,601,621,621,1025,621,621
4278,4278,4278,4505,4278,4278,4278,4278,4278
1402,1402,1350,979,1402,1350,1402,1350,1402
540,770,540,540,540,540,856,540,540
3905,4085,3064,3694,3358,3064,4167,3358,3434
860,929,860,929,800,800,929,800,860
586,586,586,1150,586,586,819,586,586
2493,2493,2493,2493,2455,2455,2493,2455,2455
1312,1610,1283,1227,1133,1283,1610,1133,1133
664,664,463,463,463,463,463,463,463
857,857,857,1285,857,857,857,857,857
1029,1210,1029,1029,1029,1029,1210,1029,1029
2192,2533,2192,2866,2192,2192,2533,2192,2533
2120,2120,1710,2120,1710,1710,2120,1710,2120
237,512,512,343,237,237,512,237,237
504,504,504,1511,504,504,504,504,504
577,577,577,1409,577,577,577,577,577
1093,1093,1093,2926,1093,1093,1093,1093,1093
2218,2218,2218,3399,2218,2218,2811,2218,2218
2007,2007,2007,2007,2007,2007,2007,2007,2007
250,250,250,250,250,250,250,250,250
551,551,551,2020,853,551,853,853,551
1749,1363,1749,2979,1749,1749,1749,1749,1363
2322,2322,2322,3147,2367,2322,2784,2367,2322
1656,1656,1656,2103,1656,1656,2225,2061,1656
380,380,380,757,380,380,794,380,380
510,510,510,1343,510,510,510,510,510
711,711,711,711,711,711,711,711,711
338,338,338,338,338,338,338,338,338
1507,1507,1507,1556,1507,1507,1507,1507,1507
1878,1977,1638,1638,1638,1638,1878,1638,1638
220,220,220,240,220,220,220,220,220
956,956,956,1491,956,956,1488,956,956
788,1043,607,607,607,607,1043,607,607
1845,1931,1845,2148,1845,1845,1931,1931,1845
1160,1160,1160,1837,1160,1160,1160,1160,1160
454,317,454,1288,317,454,317,317,454
1101,1101,1129,1476,1129,1101,1101,1129,1137
1147,549,1172,1411,1147,1147,1147,1147,549
1138,1138,1138,2176,1138,1138,1138,1138,1138
692,692,692,1873,692,692,692,692,692
1819,1819,1819,2932,1819,1819,1819,1819,1819
667,667,667,2607,1028,667,1028,1028,667
1354,1354,1354,1354,1286,1354,1354,1286,1354
418,418,418,490,418,418,418,418,418
5129,5129,4579,5468,5041,4579,5041,4579,4579
1164,1164,1164,1442,1164,1164,1241,1164,1177
219,219,219,648,219,219,219,219,219
677,677,677,677,677,677,677,677,677
688,688,688,817,688,688,688,688,688
1312,1312,1312,1269,1312,1312,1312,1312,1910
1547,1547,1547,2422,1547,1547,1547,1547,1547
416,416,416,416,416,416,416,416,416
506,461,506,798,461,461,461,461,506
1157,1396,854,860,854,860,854,854,860
712,1064,942,1557,712,942,712,712,942
2416,2512,1714,1714,1714,2053,1714,1714,1714
613,613,613,2553,613,613,613,613,613
1034,1034,516,855,855,1034,1034,508,508
253,253,253,253,253,253,253,492,253
1085,2420,1085,1578,829,1085,829,829,1085
1805,1963,750,972,497,1308,497,1805,497
177,177,177,1810,177,177,177,177,177
1175,1175,1175,1175,1175,1175,1175,1175,1175
1018,1914,1694,2320,1694,2035,1694,1018,1694
340,340,340,387,340,340,340,340,340
1309,1161,1309,1173,1161,1161,1161,1309,1161
735,735,735,1556,735,758,735,735,758
450,613,794,722,582,475,475,851,582
1762,1784,1300,1060,1300,1060,1300,1496,1060
241,241,241,1899,241,241,241,241,241
918,987,764,987,749,764,764,818,408
308,959,308,1847,1451,308,308,308,308
1836,1836,1836,1836,1836,1836,1836,1836,1836
528,363,469,288,469,528,469,288,288
871,871,871,871,871,871,871,871,871
1242,1242,1118,416,1118,1140,1118,1118,1218
1519,2041,1519,954,1127,1519,1127,2303,1519
241,241,241,241,241,241,241,241,241
809,809,516,1328,516,516,516,516,516
336,336,336,336,336,336,336,336,336
1113,1764,1113,2096,1605,1113,1778,1113,462
505,505,505,324,505,324,505,324,324
832,832,832,833,832,832,832,832,832
1580,1580,1580,2361,1580,1580,2361,1580,1580
690,690,690,690,690,690,690,690,690
1610,1610,1610,2530,1664,1610,1610,2164,2164
802,802,736,737,737,802,802,737,737
353,507,353,981,353,353,649,649,353
435,435,435,518,435,435,435,435,435
583,931,583,782,583,583,1123,583,583
416,416,416,416,416,416,416,416,416
367,367,367,367,367,367,367,367,367
365,365,365,365,365,365,496,479,365
778,651,651,652,651,651,778,651,651
1543,1543,1067,1084,1169,1480,1869,1543,1480
937,937,290,419,937,937,1180,937,937
1147,1059,723,940,723,1146,1146,723,940
950,950,509,857,509,509,950,636,509
1251,1266,1199,884,900,1251,1117,900,900
1946,2230,1946,2282,2230,1946,1946,1946,1946
827,827,1081,896,827,1242,827,827,1241
3000,3000,3000,2539,2705,1527,2581,2327,1527
825,1688,825,1752,825,1259,825,825,1259
251,251,99,99,99,99,99,99,99
863,863,863,2024,2024,863,863,863,2024
757,901,901,901,846,901,901,901,901
185,185,185,185,185,185,185,185,185
529,529,529,1216,529,787,529,966,787
1505,1505,1505,3725,1505,1505,1505,1505,1505
340,496,295,295,295,295,295,295,295
452,452,452,1178,452,452,452,452,452
534,789,534,353,534,534,593,534,534
953,823,1008,1417,582,1008,582,582,582
272,272,272,272,272,272,272,272,272
450,450,290,450,450,450,514,631,450
500,696,260,260,599,500,441,500,500
472,472,472,472,472,472,472,472,472
1123,824,824,1178,824,824,824,824,1123
509,509,509,1874,509,509,509,509,509
1808,1870,1808,1934,1403,1870,1808,1808,1934
319,319,319,319,319,319,319,319,319
743,743,743,1917,743,743,1361,743,743
692,692,692,692,692,692,692,692,692
676,446,446,446,446,446,446,446,446
534,534,534,879,902,534,534,534,534
314,314,495,314,314,495,495,314,314
1153,1153,1153,1239,1153,1153,1153,1153,1153
469,469,469,518,469,517,469,469,469
595,595,437,256,437,595,437,437,256
331,331,331,331,331,331,331,331,331
438,438,438,438,438,438,438,438,438
590,590,590,1946,590,590,590,590,590
1151,1151,1151,1707,1151,1151,1707,1151,1151
513,513,513,513,513,513,513,513,513
1458,1458,1458,3128,1458,1458,1458,1458,1458
1009,1009,1009,1053,563,1009,1009,563,1009
269,450,269,269,269,269,269,269,269
940,1006,940,941,940,940,940,940,940
1201,1201,1287,1636,1201,1201,1201,1287,1201
674,674,674,900,674,674,674,674,674
1183,1183,844,1183,844,1183,1183,844,1183
703,703,703,750,665,665,665,665,665
2380,2380,2380,2517,2380,2380,2380,2389,2380
1453,1794,1453,2127,1453,1453,1794,1809,1453
992,992,992,1438,992,992,992,992,992
360,360,360,653,360,360,360,360,360
268,268,268,268,268,268,268,268,268
762,762,762,1107,762,762,762,762,762
907,907,907,1770,907,907,962,962,907
597,597,597,644,597,597,597,597,597
588,588,588,1769,588,588,588,588,588
428,428,428,428,428,428,428,428,428
3082,3082,3082,3082,3082,3082,3082,3082,3082
329,329,329,804,329,329,329,569,329
531,531,531,706,531,531,531,531,531
3498,3789,3320,3726,3320,3498,3789,3498,3320
430,430,430,1188,430,430,430,430,430
889,889,889,986,693,889,889,889,889
451,451,451,737,415,451,451,451,737
610,610,610,1119,610,610,610,610,610
339,339,339,1121,339,339,339,339,339
552,552,552,1106,552,552,552,552,552
1065,1065,1065,1836,1065,1065,1065,1385,1385
736,736,736,1524,736,736,736,736,736
1142,1417,494,1252,494,494,494,494,1142
465,465,465,837,465,465,465,465,465
461,461,461,510,461,461,461,461,461
768,768,719,1058,719,719,768,719,719
403,403,403,329,291,403,291,518,329
4107,4107,3926,3926,3926,3926,4107,3926,3926
714,714,714,803,636,714,636,714,636
428,477,477,399,428,428,477,428,476
830,961,562,525,488,562,562,562,488
982,982,650,852,759,650,982,650,759
756,756,756,756,408,756,756,408,408
1575,1575,1575,2437,1575,1575,1575,1575,1575
453,453,453,655,453,453,453,958,958
441,441,441,984,441,441,441,441,673
1750,1750,1750,1750,1750,1750,1750,1750,1750
868,868,868,1502,868,868,965,868,868
537,537,537,968,537,537,537,537,537
2103,2103,2103,3277,2103,2103,2103,2103,2103
1621,1621,1621,1622,1621,1621,1621,1621,1621
335,335,335,335,335,335,335,335,335
149,149,149,149,149,149,149,149,149
440,440,440,2379,440,440,440,440,440
788,788,788,879,788,788,788,788,788
660,711,711,822,660,660,711,660,711
388,388,388,417,388,388,388,417,417
448,448,448,467,204,448,448,467,467
1236,1236,1236,2943,1236,1236,1236,1236,1236
2582,2582,2582,3376,2582,2582,2582,2582,2582
1912,1926,1912,2190,1912,1912,1926,1912,1926
555,555,555,1789,555,555,555,555,555
566,566,566,566,566,566,566,566,566
468,468,468,696,290,468,468,468,468
2685,2685,2685,3564,2685,2685,2685,2906,3071
833,833,833,1331,833,833,833,833,833
814,814,814,2251,814,814,814,814,814
814,814,814,814,814,814,814,814,814
785,785,785,2740,2078,785,785,785,785
8935,8994,8754,8754,8754,8754,8994,8754,8754
477,477,477,786,477,477,477,477,477
743,743,743,2267,743,743,743,743,743
443,443,443,485,443,443,443,443,443
1109,1109,1109,1522,1109,1109,1109,1109,1109
566,711,566,614,565,565,711,565,440
788,788,788,1325,788,788,788,788,788
537,537,486,575,486,486,537,486,486
862,906,862,909,862,862,1300,862,862
866,866,546,546,544,544,866,546,544
1193,1200,759,640,579,640,1200,1014,640
1847,1847,1847,2856,1847,1847,1847,1847,1847
1582,1354,1582,1582,1176,1176,1354,1582,1176
565,580,565,580,565,565,580,565,565
288,288,288,1689,288,288,1134,288,288
741,741,741,1039,741,741,741,741,741
921,1068,921,1289,921,1289,921,1289,921
179,179,179,1535,179,179,179,179,179
1063,1063,437,1056,1063,437,1063,437,437
1162,1162,1162,1863,1162,1162,1216,1162,1162
637,637,637,3031,637,637,637,637,637
877,877,812,812,811,811,811,811,812
594,959,594,941,594,594,594,594,594
1544,1544,1544,1544,1543,1544,1544,1543,1543
999,999,999,1839,999,999,999,999,999
2063,2063,1283,2431,2431,2431,2063,1283,2431
2431,2431,2431,2881,2063,1283,2431,2431,2063
1590,561,1590,3160,2133,1590,1590,561,1590
3781,3781,3155,4336,3781,3155,3781,3155,3155
522,522,522,899,522,522,522,522,522
1699,1699,1699,2860,1699,1699,1699,1699,1699
2801,2982,2801,2801,2801,2801,2982,2801,2801
1422,1422,1422,1821,1790,1422,1422,1422,1422
684,684,684,1384,684,684,684,684,684
1926,1926,1926,2696,1926,1926,1902,1926,2323
415,415,415,595,415,415,415,415,415
1087,1087,1087,1376,1087,1087,1087,1087,1087
718,626,718,626,626,626,626,626,626
942,942,942,1048,942,942,942,942,942
1423,1341,1341,1851,1341,1341,1341,1341,1423
862,862,862,1516,862,897,1031,862,1031
873,1429,1303,1367,873,1303,752,1303,1367
1470,1470,537,1470,938,537,896,1470,1470
797,533,797,2205,514,713,797,533,797
1101,232,1042,232,1042,232,1101,1042,1042
2517,2574,2208,2208,2208,2208,2280,2517,2208
305,722,305,1438,722,722,722,305,305
813,813,813,1487,813,813,813,973,813
786,786,786,786,383,786,383,786,786
795,1204,171,1091,826,171,826,795,795
765,765,765,3740,765,765,765,765,765
2900,3555,2456,2394,2330,2708,2394,2708,2708
1898,1390,1887,3071,1390,1390,1898,1390,1898
915,915,858,788,788,915,858,915,1573
762,762,762,1199,762,762,762,762,762
1638,1638,1387,913,694,1093,694,1093,1736
620,870,620,515,719,620,719,620,620
2427,2427,2427,1283,1829,2427,2105,2427,2537
3172,3172,2162,1382,1610,2162,2026,2162,2162
3325,3325,3325,3325,3325,3325,3325,3325,3325
1318,1461,673,894,1318,526,951,1318,526
1313,1313,1313,1313,2455,1313,1313,1313,1313
1911,1911,1911,1911,1911,1911,1911,1911,1911
618,618,618,618,1549,618,618,618,618
1699,1699,1699,1699,1583,1699,1699,1699,1699
2284,2284,2284,2284,1286,2284,2284,2284,2284
1130,1130,1130,1130,1130,1130,1130,1130,1778
1961,1961,1961,1961,1961,1961,1961,1961,1401
1515,1515,1515,1515,1515,1515,1515,1515,1515
3937,3937,3937,3937,3937,3937,3937,3937,3937
2569,2569,2569,2569,3431,2569,2569,2569,3431
1302,1302,1302,1302,1109,1302,1252,1302,1302
556,556,556,689,556,556,556,804,556
655,655,655,474,655,655,655,655,751
3297,3297,3297,3965,3297,3297,3297,3297,3297
541,541,541,224,541,541,541,541,541
928,928,928,928,928,928,928,928,928
527,742,742,507,668,742,493,527,742
770,749,770,996,770,800,800,770,770
2417,2042,2417,2375,2325,2417,2417,2417,2417
906,906,906,247,586,906,906,906,906
637,637,637,703,555,637,703,637,703
610,610,610,624,636,610,636,610,772
523,523,523,1238,609,523,609,523,523
271,271,271,1062,271,271,271,271,1037
1087,1033,1033,1759,1087,1033,1567,1033,1087
1534,1534,1534,1799,1559,1534,1534,1433,1534
861,861,861,861,619,861,861,861,861
218,218,218,324,218,218,218,218,218
516,516,516,623,516,516,516,516,516
357,357,357,357,207,357,207,207,357
306,306,306,306,306,306,306,306,306